id,timestamp,acc_x,acc_y,acc_z,gyro_x,gyro_y,gyro_z
0,2024-05-16 11:20:33.481312,-0.13015188,-0.10829712,0.9976887,0.7082671,-0.16724637,0.7741803
1,2024-05-16 11:20:33.491395,-0.07502658,-0.10829712,0.9700956,0.7082671,-0.16724637,0.7741803
2,2024-05-16 11:20:33.501506,-0.03546822,-0.092791215,0.94250226,0.6571344,-0.14700636,0.81572556
3,2024-05-16 11:20:33.511594,-0.0028081553,-0.063183494,0.97784853,0.56978285,-0.20346533,0.86153185
4,2024-05-16 11:20:33.521846,0.02209896,-0.054453794,0.9821828,0.5122586,-0.28868642,0.890294
5,2024-05-16 11:20:33.531996,0.02209896,-0.054453794,0.9821828,0.5122586,-0.28868642,0.890294
6,2024-05-16 11:20:33.542113,0.02209896,-0.054453794,0.9821828,0.5122586,-0.28868642,0.890294
7,2024-05-16 11:20:33.552212,0.02209896,-0.054453794,0.9821828,0.5122586,-0.28868642,0.890294
8,2024-05-16 11:20:33.562312,-0.016909977,-0.032660067,1.0437181,0.4238417,-0.6093307,0.89775085
9,2024-05-16 11:20:33.572411,-0.016909977,-0.032660067,1.0437181,0.42597225,-0.56778544,0.94142663
10,2024-05-16 11:20:33.582514,-0.01202623,-0.061718363,1.0688692,0.42597225,-0.56778544,0.94142663
11,2024-05-16 11:20:33.592658,0.11733205,-0.115073316,1.0485407,0.58682704,-0.36432013,1.043692
12,2024-05-16 11:20:33.602811,0.17496027,-0.086503394,1.0756456,0.58682704,-0.36432013,1.043692
13,2024-05-16 11:20:33.612955,0.17496027,-0.086503394,1.0756456,0.60493654,-0.28868642,0.95740557
14,2024-05-16 11:20:33.623274,0.17496027,-0.086503394,1.0756456,0.60493654,-0.28868642,0.95740557
15,2024-05-16 11:20:33.633426,0.17496027,-0.086503394,1.0756456,0.60493654,-0.28868642,0.95740557
16,2024-05-16 11:20:33.643546,0.10512267,-0.006959341,1.136204,0.7348987,-0.29294747,0.7443529
17,2024-05-16 11:20:33.653657,0.029974004,0.03815428,1.081506,0.85633874,-0.23009692,0.77950656
18,2024-05-16 11:20:33.663793,0.022160007,0.06434338,1.0562937,0.87551343,-0.19494322,0.8082687
19,2024-05-16 11:20:33.673935,0.022160007,0.06434338,1.0562937,0.87551343,-0.19494322,0.8082687
20,2024-05-16 11:20:33.684019,0.036322877,0.014407057,1.0960352,0.9820398,-0.045806333,1.0532793
21,2024-05-16 11:20:33.694109,0.036322877,0.014407057,1.0960352,0.9820398,-0.045806333,1.0532793
22,2024-05-16 11:20:33.704290,0.057750326,0.013430307,1.0882822,1.0342377,-0.06604634,1.1076077
23,2024-05-16 11:20:33.714573,0.057750326,0.013430307,1.0882822,1.0342377,-0.06604634,1.1076077
24,2024-05-16 11:20:33.724729,0.057750326,0.013430307,1.0882822,1.0342377,-0.06604634,1.1076077
25,2024-05-16 11:20:33.734807,0.35651362,0.0968203,0.8732142,1.1194588,-0.15872426,0.635696
26,2024-05-16 11:20:33.745036,0.30126622,0.11763728,0.8470251,1.0534124,-0.09267793,0.51532125
27,2024-05-16 11:20:33.755171,0.20609416,0.15255608,0.8833479,1.0108019,-0.017044216,0.43223068
28,2024-05-16 11:20:33.765287,0.11482913,0.1937627,0.9148481,0.99588823,0.019174743,0.44714436
29,2024-05-16 11:20:33.775381,0.11482913,0.1937627,0.9148481,0.99588823,0.019174743,0.44714436
30,2024-05-16 11:20:33.785521,0.025944911,0.2568241,0.9221127,1.0448904,0.08096003,0.6591318
31,2024-05-16 11:20:33.795684,0.025944911,0.2568241,0.9221127,1.0448904,0.08096003,0.6591318
32,2024-05-16 11:20:33.805828,0.025944911,0.2568241,0.9221127,1.0448904,0.08096003,0.6591318
33,2024-05-16 11:20:33.815956,0.025944911,0.2568241,0.9221127,1.0448904,0.08096003,0.6591318
34,2024-05-16 11:20:33.826077,0.3568799,0.1627509,0.8397605,1.0289114,0.038349487,0.8380961
35,2024-05-16 11:20:33.836220,0.44234547,0.20151564,0.813144,0.9436903,0.012783162,0.44714436
36,2024-05-16 11:20:33.846329,0.44234547,0.20151564,0.813144,0.9436903,0.012783162,0.44714436
37,2024-05-16 11:20:33.856507,0.3412519,0.25780085,0.7574083,0.83183765,0.12996215,0.11052109
38,2024-05-16 11:20:33.866637,0.27538234,0.26653054,0.7855509,0.7689871,0.24501061,0.026365273
39,2024-05-16 11:20:33.876814,0.27538234,0.26653054,0.7855509,0.7689871,0.24501061,0.026365273
40,2024-05-16 11:20:33.887066,0.27538234,0.26653054,0.7855509,0.7689871,0.24501061,0.026365273
41,2024-05-16 11:20:33.897172,0.27538234,0.26653054,0.7855509,0.7689871,0.24501061,0.026365273
42,2024-05-16 11:20:33.907325,0.10060521,0.34601358,0.9032492,0.6858966,0.27057692,0.12010846
43,2024-05-16 11:20:33.917484,0.1327769,0.32373145,0.900319,0.71252817,0.056458965,0.41518646
44,2024-05-16 11:20:33.927618,0.23625132,0.2830132,0.8567315,0.71252817,0.056458965,0.41518646
45,2024-05-16 11:20:33.937763,0.34857753,0.23448095,0.78695494,0.7306376,0.013848426,0.3267696
46,2024-05-16 11:20:33.947870,0.41847616,0.20591104,0.73225695,0.66033024,0.050067388,0.09773793
47,2024-05-16 11:20:33.958012,0.4004063,0.21268722,0.6954457,0.47603965,0.13102742,-0.25273377
48,2024-05-16 11:20:33.968136,0.35694093,0.26604217,0.68384683,0.31411958,0.26525062,-0.4892223
49,2024-05-16 11:20:33.978230,0.35694093,0.26604217,0.68384683,0.31411958,0.26525062,-0.4892223
50,2024-05-16 11:20:33.988378,0.35694093,0.26604217,0.68384683,0.31411958,0.26525062,-0.4892223
51,2024-05-16 11:20:33.998655,0.3227547,0.30193773,0.71388185,0.22463745,0.40480015,-0.6372939
52,2024-05-16 11:20:34.008793,0.18271323,0.401322,0.770045,-0.037417382,0.68602973,-1.0048099
53,2024-05-16 11:20:34.018909,0.18271323,0.401322,0.770045,-0.037417382,0.68602973,-1.0048099
54,2024-05-16 11:20:34.029039,0.105550006,0.3858161,0.69978005,-0.22596903,0.6093307,-1.134772
55,2024-05-16 11:20:34.039203,0.08894526,0.380444,0.6285994,-0.37297538,0.5443497,-1.1720562
56,2024-05-16 11:20:34.049288,0.08503827,0.3615805,0.5757939,-0.5242428,0.50173914,-1.2125362
57,2024-05-16 11:20:34.059415,0.0728289,0.33636817,0.5012557,-0.79162395,0.4495412,-1.2839088
58,2024-05-16 11:20:34.069562,0.0728289,0.33636817,0.5012557,-0.79162395,0.4495412,-1.2839088
59,2024-05-16 11:20:34.079700,0.0728289,0.33636817,0.5012557,-0.79162395,0.4495412,-1.2839088
60,2024-05-16 11:20:34.089811,-3.6126916,1.8574114,1.3638477,-1.8238643,-5.966541,-0.0077231606
61,2024-05-16 11:20:34.099903,-2.57343,1.5359387,1.1730152,-2.1210728,-3.7902076,1.3654015
62,2024-05-16 11:20:34.110082,0.027471084,-0.1868644,0.9618542,0.35673013,0.2769685,2.0471702
63,2024-05-16 11:20:34.120222,0.3422897,-0.14803861,0.8528856,0.6060018,0.7041392,1.658349
64,2024-05-16 11:20:34.130380,0.38331318,0.29607722,1.0277237,1.0054756,1.4040173,0.6229128
65,2024-05-16 11:20:34.140523,0.17685273,0.57780844,1.1105642,1.0459557,1.1153309,0.022104219
66,2024-05-16 11:20:34.150666,0.17685273,0.57780844,1.1105642,1.1226546,0.92677927,-0.24847272
67,2024-05-16 11:20:34.160826,0.17685273,0.57780844,1.1105642,1.1226546,0.92677927,-0.24847272
68,2024-05-16 11:20:34.171084,0.17685273,0.57780844,1.1105642,1.1226546,0.92677927,-0.24847272
69,2024-05-16 11:20:34.181222,-0.26115844,0.45272347,1.0204592,1.573261,0.37816855,-0.52118015
70,2024-05-16 11:20:34.191434,-0.4285489,0.44735134,1.0345,1.9397117,0.4846949,-0.26551694
71,2024-05-16 11:20:34.201589,-0.50034,0.4667642,1.0417645,2.0718043,0.590156,-0.10146635
72,2024-05-16 11:20:34.211758,-0.5613868,0.5977097,1.1264975,2.001497,0.3856254,0.5046686
73,2024-05-16 11:20:34.221922,-0.5687125,0.64178556,0.8620426,1.6797874,-0.12783162,0.86579293
74,2024-05-16 11:20:34.232010,-0.35046998,0.73298955,0.72401565,0.2288985,0.28549063,0.9158603
75,2024-05-16 11:20:34.242146,-0.35046998,0.73298955,0.72401565,0.2288985,0.28549063,0.9158603
76,2024-05-16 11:20:34.252310,-0.35046998,0.73298955,0.72401565,0.2288985,0.28549063,0.9158603
77,2024-05-16 11:20:34.262422,-0.35046998,0.73298955,0.72401565,0.2288985,0.28549063,0.9158603
78,2024-05-16 11:20:34.272552,-0.68097764,0.7605827,1.4384469,0.4973449,1.067394,0.91479504
79,2024-05-16 11:20:34.282633,-0.68097764,0.7605827,1.4384469,0.4973449,1.067394,0.91479504
80,2024-05-16 11:20:34.292771,-0.75423384,0.7998969,1.5159154,0.6571344,1.5542195,1.1118689
81,2024-05-16 11:20:34.302881,-0.88603395,0.8114958,1.5706134,1.1354377,1.5957648,1.4655362
82,2024-05-16 11:20:34.313005,-0.8513594,0.8294436,1.5692093,1.2014841,1.6650069,1.6796542
83,2024-05-16 11:20:34.323196,-0.736164,0.89055145,1.6200613,1.2685957,1.6511585,1.9086859
84,2024-05-16 11:20:34.333356,-0.736164,0.89055145,1.6200613,1.2685957,1.6511585,1.9086859
85,2024-05-16 11:20:34.343451,-0.736164,0.89055145,1.6200613,1.2685957,1.6511585,1.9086859
86,2024-05-16 11:20:34.353603,-0.736164,0.89055145,1.6200613,1.2685957,1.6511585,1.9086859
87,2024-05-16 11:20:34.363721,-0.8182109,1.0665495,2.378996,2.5043013,1.1143988,1.0756499
88,2024-05-16 11:20:34.373847,-0.6873876,0.8793799,2.2084918,3.2435942,1.7311864,1.3930984
89,2024-05-16 11:20:34.383999,-0.61370397,0.88035667,2.1906052,3.4779522,2.1668792,1.4857763
90,2024-05-16 11:20:34.394259,-0.61370397,0.88035667,2.1906052,3.4779522,2.1668792,1.4857763
91,2024-05-16 11:20:34.404418,-0.2695829,0.7610711,2.0186362,4.0372157,2.2329254,1.31853
92,2024-05-16 11:20:34.414553,-0.2695829,0.7610711,2.0186362,4.0372157,2.2329254,1.31853
93,2024-05-16 11:20:34.424716,-0.2695829,0.7610711,2.0186362,4.0372157,2.2329254,1.31853
94,2024-05-16 11:20:34.434864,-0.2695829,0.7610711,2.0186362,4.0372157,2.2329254,1.31853
95,2024-05-16 11:20:34.445001,-0.032843206,0.414386,1.4015746,4.522976,2.126399,0.97551507
96,2024-05-16 11:20:34.455098,0.2712922,0.0056163105,0.8920776,4.7243104,2.316016,1.0745846
97,2024-05-16 11:20:34.465236,0.2712922,0.0056163105,0.8920776,4.7243104,2.316016,1.0745846
98,2024-05-16 11:20:34.475439,0.34937114,-0.1888179,0.4285489,4.8521423,1.9026939,0.9115993
99,2024-05-16 11:20:34.485576,0.16922186,-0.23295477,0.022160007,4.9948874,2.0784624,0.53556126
100,2024-05-16 11:20:34.495699,-0.016299509,-0.37934515,-0.20884128,4.941624,2.3394518,0.13182636
101,2024-05-16 11:20:34.505816,-0.016299509,-0.37934515,-0.20884128,4.941624,2.3394518,0.13182636
102,2024-05-16 11:20:34.515920,-0.016299509,-0.37934515,-0.20884128,4.941624,2.3394518,0.13182636
103,2024-05-16 11:20:34.526017,-0.016299509,-0.37934515,-0.20884128,4.941624,2.3394518,0.13182636
104,2024-05-16 11:20:34.536117,0.0100727305,-1.2594576,-0.61864877,3.7581165,0.5327649,0.61439073
105,2024-05-16 11:20:34.546249,-0.073744595,-1.3661064,-0.7605217,3.424689,-0.11078741,0.80613816
106,2024-05-16 11:20:34.556350,-0.18600975,-1.4281911,-0.92565334,2.6172192,-0.5049349,1.0500835
107,2024-05-16 11:20:34.566493,-0.18600975,-1.4281911,-0.92565334,1.6819179,-0.58589494,1.270593
108,2024-05-16 11:20:34.576644,-0.3597491,-1.5033398,-1.0273575,0.23635535,-0.32170957,1.6540879
109,2024-05-16 11:20:34.586734,-0.3690282,-1.5290405,-0.92565334,-0.8278429,0.12996215,2.0088208
110,2024-05-16 11:20:34.596936,-0.3690282,-1.5290405,-0.92565334,-0.8278429,0.12996215,2.0088208
111,2024-05-16 11:20:34.607083,-0.3690282,-1.5290405,-0.92565334,-0.8278429,0.12996215,2.0088208
112,2024-05-16 11:20:34.617229,-0.3690282,-1.5290405,-0.92565334,-0.8278429,0.12996215,2.0088208
113,2024-05-16 11:20:34.627329,-0.2230652,-1.4402784,-0.19187024,-4.8321686,2.4309313,3.874097
114,2024-05-16 11:20:34.637486,-0.111288406,-1.4209266,-0.036383923,-5.3296466,2.518283,4.173436
115,2024-05-16 11:20:34.647624,0.08497722,-1.336987,0.11763728,-5.9666743,2.146506,4.521777
116,2024-05-16 11:20:34.657805,0.2601817,-1.3127515,0.21885295,-6.339516,1.5808511,4.665588
117,2024-05-16 11:20:34.667921,0.5994801,-1.2827164,0.3907609,-6.875344,0.55926335,4.744417
118,2024-05-16 11:20:34.678039,0.97192687,-1.2138556,0.70655626,-7.348321,-0.32490537,4.6187162
119,2024-05-16 11:20:34.688196,0.97192687,-1.2138556,0.70655626,-7.348321,-0.32490537,4.6187162
120,2024-05-16 11:20:34.698336,0.97192687,-1.2138556,0.70655626,-7.348321,-0.32490537,4.6187162
121,2024-05-16 11:20:34.708480,0.97192687,-1.2138556,0.70655626,-7.348321,-0.32490537,4.6187162
122,2024-05-16 11:20:34.718620,1.5826396,-0.6950184,1.6616952,-8.531829,-0.7850992,3.6503918
123,2024-05-16 11:20:34.728763,1.7793937,-0.50351447,2.1141136,-9.2817745,-0.6295707,3.631217
124,2024-05-16 11:20:34.739021,1.9306678,-0.38807482,2.7853847,-9.514002,-0.83303607,3.5108423
125,2024-05-16 11:20:34.749108,2.027305,0.020694882,3.977813,-8.764056,-1.5488932,3.291398
126,2024-05-16 11:20:34.759264,2.0746162,0.17874518,4.465577,-7.675357,-2.0644808,3.1923285
127,2024-05-16 11:20:34.769375,2.1766865,0.53080237,4.788637,-5.7781224,-2.7622283,2.9515789
128,2024-05-16 11:20:34.779544,2.1766865,0.53080237,4.788637,-5.7781224,-2.7622283,2.9515789
129,2024-05-16 11:20:34.789642,2.1766865,0.53080237,4.788637,-5.7781224,-2.7622283,2.9515789
130,2024-05-16 11:20:34.799789,2.1766865,0.53080237,4.788637,-5.7781224,-2.7622283,2.9515789
131,2024-05-16 11:20:34.809935,2.575994,1.4151881,2.6507154,-1.6235948,-0.9161266,0.88177186
132,2024-05-16 11:20:34.820061,2.086337,1.6247009,1.7963645,-2.5791361,1.5211964,0.15419689
133,2024-05-16 11:20:34.830217,1.674332,1.5926512,1.6912419,-3.5687659,3.2266831,-0.33156326
134,2024-05-16 11:20:34.840324,1.3985223,1.5665232,1.9106443,-4.138682,3.9105823,-0.6831002
135,2024-05-16 11:20:34.850475,1.095913,1.4642087,2.5582294,-4.223903,3.7380097,-1.2711257
136,2024-05-16 11:20:34.860551,0.83963835,1.4947321,2.87549,-3.4398692,2.8868642,-1.6961658
137,2024-05-16 11:20:34.870815,0.83963835,1.4947321,2.87549,-3.4398692,2.8868642,-1.6961658
138,2024-05-16 11:20:34.881098,0.83963835,1.4947321,2.87549,-3.4398692,2.8868642,-1.6961658
139,2024-05-16 11:20:34.891254,0.19669294,1.5955815,2.3238094,0.51119334,0.7605982,-1.9166754
140,2024-05-16 11:20:34.901616,0.09517204,1.6751256,1.6011368,1.8768612,0.9139961,-1.668469
141,2024-05-16 11:20:34.911706,0.11910241,1.6954542,1.0601397,1.8768612,0.9139961,-1.668469
142,2024-05-16 11:20:34.921979,0.11910241,1.6954542,1.0601397,2.175135,1.5030868,-1.3606079
143,2024-05-16 11:20:34.932120,0.18350683,1.622259,0.9163133,2.0600865,1.891908,-1.2136015
144,2024-05-16 11:20:34.942205,0.3157343,1.400659,1.2761234,1.9535601,2.1560934,-1.1390331
145,2024-05-16 11:20:34.952349,0.3157343,1.400659,1.2761234,2.0196066,2.375671,-1.0942919
146,2024-05-16 11:20:34.962488,0.3157343,1.400659,1.2761234,2.0196066,2.375671,-1.0942919
147,2024-05-16 11:20:34.972644,0.3157343,1.400659,1.2761234,2.0196066,2.375671,-1.0942919
148,2024-05-16 11:20:34.982746,0.548567,0.8517867,2.1426225,4.341881,1.2901673,-1.643968
149,2024-05-16 11:20:34.992881,0.6525298,0.47256368,1.8781675,6.1592207,0.53596073,-2.1137493
150,2024-05-16 11:20:35.002980,0.7238325,0.40712145,1.6776896,6.375469,0.5146554,-2.2511683
151,2024-05-16 11:20:35.013074,0.7238325,0.40712145,1.6776896,6.375469,0.5146554,-2.2511683
152,2024-05-16 11:20:35.023191,0.88292056,0.24858278,1.366717,6.295574,1.3945631,-2.8903263
153,2024-05-16 11:20:35.033331,0.88292056,0.24858278,1.366717,6.295574,1.3945631,-2.8903263
154,2024-05-16 11:20:35.043412,0.88292056,0.24858278,1.366717,6.295574,1.3945631,-2.8903263
155,2024-05-16 11:20:35.053563,0.88292056,0.24858278,1.366717,6.295574,1.3945631,-2.8903263
156,2024-05-16 11:20:35.063664,0.88292056,0.24858278,1.366717,6.295574,1.3945631,-2.8903263
157,2024-05-16 11:20:35.073789,0.8384785,-0.50204927,1.6568116,5.8300543,2.2627528,-4.2325583
158,2024-05-16 11:20:35.083951,0.8384785,-0.50204927,1.6568116,5.8300543,2.2627528,-4.2325583
159,2024-05-16 11:20:35.094220,0.49728766,-0.6577188,1.3502343,5.6979613,1.406281,-4.5318975
160,2024-05-16 11:20:35.104313,0.34937114,-0.64801234,1.2708123,5.506214,1.1143988,-4.5393543
161,2024-05-16 11:20:35.114425,-0.10170405,-0.5040028,1.026686,4.807401,0.2121206,-4.1942086
162,2024-05-16 11:20:35.124563,-0.20762034,-0.44918272,0.9559937,4.518715,0.04593949,-3.9662423
163,2024-05-16 11:20:35.134709,-0.20762034,-0.44918272,0.9559937,4.518715,0.04593949,-3.9662423
164,2024-05-16 11:20:35.144818,-0.20762034,-0.44918272,0.9559937,4.518715,0.04593949,-3.9662423
165,2024-05-16 11:20:35.154980,-0.20762034,-0.44918272,0.9559937,4.518715,0.04593949,-3.9662423
166,2024-05-16 11:20:35.165119,-0.58055556,-0.37745267,0.29967898,2.9122972,2.0935092,-1.4405026
167,2024-05-16 11:20:35.175278,-0.5932533,-0.34931007,0.07832311,2.6992445,2.3971093,-0.9792435
168,2024-05-16 11:20:35.185422,-0.5932533,-0.34931007,0.07832311,2.6992445,2.3971093,-0.9792435
169,2024-05-16 11:20:35.195617,-0.55473274,-0.32605124,-0.37208056,1.6851138,2.5323977,-0.06950845
170,2024-05-16 11:20:35.205724,-0.5435001,-0.32843205,-0.42873204,1.3431642,2.436524,0.09880319
171,2024-05-16 11:20:35.215832,-0.6474629,-0.28917894,-0.39826965,0.2406164,2.2405155,0.63250023
172,2024-05-16 11:20:35.225930,-0.6474629,-0.28917894,-0.39826965,0.2406164,2.2405155,0.63250023
173,2024-05-16 11:20:35.236067,-0.6474629,-0.28917894,-0.39826965,0.2406164,2.2405155,0.63250023
174,2024-05-16 11:20:35.246317,-0.6474629,-0.28917894,-0.39826965,0.2406164,2.2405155,0.63250023
175,2024-05-16 11:20:35.256447,-0.3248303,-0.54374427,0.25413802,-1.3370389,3.0682254,2.5755408
176,2024-05-16 11:20:35.266545,-0.032415878,-0.72847205,0.33746698,-1.446761,3.7702339,3.0964549
177,2024-05-16 11:20:35.276698,0.06568641,-0.78860325,0.35541478,-1.48298,3.965177,3.2178948
178,2024-05-16 11:20:35.286833,0.2179983,-0.869124,0.39314172,-1.6235948,4.252798,3.4352086
179,2024-05-16 11:20:35.296943,0.31567326,-0.87107754,0.39607197,-1.8014938,4.258125,3.5428002
180,2024-05-16 11:20:35.307079,0.36786833,-0.8734583,0.39997897,-1.9101506,4.1942086,3.590737
181,2024-05-16 11:20:35.317220,0.36786833,-0.8734583,0.39997897,-1.9101506,4.1942086,3.590737
182,2024-05-16 11:20:35.327352,0.36786833,-0.8734583,0.39997897,-1.9101506,4.1942086,3.590737
183,2024-05-16 11:20:35.337586,0.36786833,-0.8734583,0.39997897,-1.9101506,4.1942086,3.590737
184,2024-05-16 11:20:35.347744,0.8707112,-0.46468863,0.86686534,-2.2606223,2.3427808,3.1933937
185,2024-05-16 11:20:35.357886,0.9175342,-0.3502868,0.8315192,-2.097637,2.1457071,2.7651577
186,2024-05-16 11:20:35.368049,0.8751066,-0.18491092,0.6983149,-2.0816581,2.133989,2.3102903
187,2024-05-16 11:20:35.378186,0.8633856,-0.14956479,0.67023337,-2.1754012,2.1467724,2.1345217
188,2024-05-16 11:20:35.388350,0.8184551,0.13167806,0.8431181,-2.6984456,2.0178754,1.8181385
189,2024-05-16 11:20:35.398489,0.9292552,0.30041155,1.0978667,-2.7389257,1.6823174,1.6189343
190,2024-05-16 11:20:35.408651,0.9292552,0.30041155,1.0978667,-2.7389257,1.6823174,1.6189343
191,2024-05-16 11:20:35.418761,0.9292552,0.30041155,1.0978667,-2.7389257,1.6823174,1.6189343
192,2024-05-16 11:20:35.428905,1.2802135,0.5409362,1.3938217,-1.7908411,0.3635212,0.6452834
193,2024-05-16 11:20:35.439060,1.3422371,0.7198644,1.166178,-1.1697925,0.14514215,-0.16644743
194,2024-05-16 11:20:35.449204,1.3730048,0.8192488,0.95745885,-1.1037462,0.2868222,-0.6831002
195,2024-05-16 11:20:35.459324,1.3568883,0.8614321,0.87895256,-1.1729883,0.37204328,-0.9696561
196,2024-05-16 11:20:35.469420,1.2372975,0.9462872,0.779202,-1.4701968,0.50200546,-1.6951005
197,2024-05-16 11:20:35.479568,1.1079394,0.97345304,0.7980655,-1.681119,0.3571296,-2.1148145
198,2024-05-16 11:20:35.489767,0.76571065,1.0078835,0.8929934,-2.0145464,-0.32250854,-2.714558
199,2024-05-16 11:20:35.499919,0.76571065,1.0078835,0.8929934,-2.0145464,-0.32250854,-2.714558
200,2024-05-16 11:20:35.510200,0.76571065,1.0078835,0.8929934,-2.0145464,-0.32250854,-2.714558
201,2024-05-16 11:20:35.520295,0.1950447,1.0743026,1.2868066,-2.2872539,-3.2083075,-3.0298758
202,2024-05-16 11:20:35.530561,0.16671894,1.1722827,1.6660297,-2.138117,-4.6357603,-2.8061705
203,2024-05-16 11:20:35.540641,0.39619407,1.2329023,2.0418952,-1.5692663,-6.0951715,-2.634663
204,2024-05-16 11:20:35.550785,0.5704218,1.2644024,2.0515404,-1.1548789,-6.590519,-2.699644
205,2024-05-16 11:20:35.560898,0.6519804,1.3410162,1.8205391,-0.8683229,-6.743917,-2.9862
206,2024-05-16 11:20:35.571043,0.5353198,1.4496186,1.6030903,-1.1548789,-6.581997,-3.3547812
207,2024-05-16 11:20:35.581123,0.5353198,1.4496186,1.6030903,-1.1548789,-6.581997,-3.3547812
208,2024-05-16 11:20:35.591272,0.5353198,1.4496186,1.6030903,-1.1548789,-6.581997,-3.3547812
209,2024-05-16 11:20:35.601379,0.5353198,1.4496186,1.6030903,-1.1548789,-6.581997,-3.3547812
210,2024-05-16 11:20:35.611467,0.87895256,-0.8182109,-0.04999737,-3.2523828,-4.5633225,-4.2080574
211,2024-05-16 11:20:35.621753,0.87895256,-0.8182109,-0.04999737,-3.580484,-4.5761056,-4.6490765
212,2024-05-16 11:20:35.631893,-0.36976078,0.1985854,1.4785547,-3.0851364,-3.4011202,-3.2525158
213,2024-05-16 11:20:35.642097,-0.36976078,0.1985854,1.4785547,-3.0851364,-3.4011202,-3.2525158
214,2024-05-16 11:20:35.652253,-0.2960162,0.69269866,1.770664,-2.4481087,-2.3475745,-3.3483896
215,2024-05-16 11:20:35.662324,-0.85007745,0.73005927,1.3289288,1.645699,0.2516685,-2.92548
216,2024-05-16 11:20:35.672447,-0.85007745,0.73005927,1.3289288,1.645699,0.2516685,-2.92548
217,2024-05-16 11:20:35.682568,-0.85007745,0.73005927,1.3289288,1.645699,0.2516685,-2.92548
218,2024-05-16 11:20:35.692810,-0.85007745,0.73005927,1.3289288,1.645699,0.2516685,-2.92548
219,2024-05-16 11:20:35.702970,-0.70850974,0.8953742,-0.88792646,-0.48163226,2.828541,-0.8897614
220,2024-05-16 11:20:35.713075,-0.6299424,2.2782686,1.3822228,-0.9418261,1.4202626,-2.8636947
221,2024-05-16 11:20:35.723248,-0.6299424,2.2782686,1.3822228,-0.9418261,1.4202626,-2.8636947
222,2024-05-16 11:20:35.733389,-2.3848562,1.4394238,0.645021,1.4869747,-0.2511359,-2.0977702
223,2024-05-16 11:20:35.743478,-2.1467125,1.1368755,0.6784136,1.8683391,0.26871273,-0.72571075
224,2024-05-16 11:20:35.753620,-2.1467125,1.1368755,0.6784136,1.8683391,0.26871273,-0.72571075
225,2024-05-16 11:20:35.763769,-2.1467125,1.1368755,0.6784136,1.8683391,0.26871273,-0.72571075
226,2024-05-16 11:20:35.773905,-2.1467125,1.1368755,0.6784136,1.8683391,0.26871273,-0.72571075
227,2024-05-16 11:20:35.784040,-2.1467125,1.1368755,0.6784136,1.8683391,0.26871273,-0.72571075
228,2024-05-16 11:20:35.794140,-0.77157116,1.1082445,0.8116179,6.6023703,-0.48762438,2.0109513
229,2024-05-16 11:20:35.804237,-0.66028273,1.2731321,0.5689566,6.299835,-0.3960117,1.5635406
230,2024-05-16 11:20:35.814326,-0.61736685,1.3681821,0.48227012,5.5946307,-0.28948537,1.0618014
231,2024-05-16 11:20:35.824405,-0.61687845,1.41763,0.51956975,5.5946307,-0.28948537,1.0618014
232,2024-05-16 11:20:35.834537,-0.5909946,1.4452232,0.87846416,4.0968704,-0.02530001,0.22024323
233,2024-05-16 11:20:35.844669,-0.6266459,1.3565221,1.2446232,3.666504,-0.040213697,-0.08335687
234,2024-05-16 11:20:35.854737,-0.6266459,1.3565221,1.2446232,3.666504,-0.040213697,-0.08335687
235,2024-05-16 11:20:35.864879,-0.6266459,1.3565221,1.2446232,3.666504,-0.040213697,-0.08335687
236,2024-05-16 11:20:35.875018,-0.6071109,1.0272964,1.8238966,3.6878092,-0.40027276,-0.37310854
237,2024-05-16 11:20:35.885139,-0.52268314,0.5956952,1.6635877,4.536824,0.09294424,-0.09081372
238,2024-05-16 11:20:35.895313,-0.47042707,0.4686567,1.4010862,4.842555,0.6085318,0.14993584
239,2024-05-16 11:20:35.905437,-0.32061806,0.28057134,0.8213243,5.1227193,1.4863089,0.6037381
240,2024-05-16 11:20:35.915540,-0.26494333,0.20005053,0.5181047,5.117393,1.6780564,0.71239495
241,2024-05-16 11:20:35.925705,-0.26494333,0.20005053,0.5181047,5.117393,1.6780564,0.71239495
242,2024-05-16 11:20:35.935800,0.07972719,-0.09572146,-0.2703765,4.5996747,1.9933743,0.9946898
243,2024-05-16 11:20:35.946050,0.07972719,-0.09572146,-0.2703765,4.5996747,1.9933743,0.9946898
244,2024-05-16 11:20:35.956173,0.07972719,-0.09572146,-0.2703765,4.5996747,1.9933743,0.9946898
245,2024-05-16 11:20:35.966298,0.2295972,-0.45504326,-1.0158197,1.9226675,1.5587468,0.18935059
246,2024-05-16 11:20:35.976440,0.14321591,-0.5190203,-1.0163081,1.9226675,1.5587468,0.18935059
247,2024-05-16 11:20:35.986538,0.019229759,-0.5912998,-0.8370744,-0.5274386,1.1060098,-0.15366426
248,2024-05-16 11:20:35.996671,-0.04865434,-0.66016066,-0.5600438,-1.7045548,0.9089361,-0.14620742
249,2024-05-16 11:20:36.006829,-0.04865434,-0.66016066,-0.5600438,-1.7045548,0.9089361,-0.14620742
250,2024-05-16 11:20:36.016965,-0.1018872,-0.94427264,0.1984633,-3.1128333,0.6894918,0.2564622
251,2024-05-16 11:20:36.027121,-0.1018872,-0.94427264,0.1984633,-3.1128333,0.6894918,0.2564622
252,2024-05-16 11:20:36.037269,-0.1018872,-0.94427264,0.1984633,-3.1128333,0.6894918,0.2564622
253,2024-05-16 11:20:36.047356,-0.1018872,-0.94427264,0.1984633,-3.1128333,0.6894918,0.2564622
254,2024-05-16 11:20:36.057503,0.274955,-0.9835869,0.45949966,-2.4438477,2.885,2.2442439
255,2024-05-16 11:20:36.067693,0.36383924,-1.0558053,0.6595502,-2.3415823,2.8541074,2.325204
256,2024-05-16 11:20:36.077724,0.3408856,-0.84098136,0.5922155,-2.1732707,2.4493072,2.3113556
257,2024-05-16 11:20:36.087867,0.32818788,-0.6533234,0.54331696,-2.0390475,1.9283932,2.3848586
258,2024-05-16 11:20:36.097965,0.360909,-0.5961225,0.45614207,-2.024134,1.2167972,2.459427
259,2024-05-16 11:20:36.108131,0.42091805,-0.54667455,0.35877234,-2.0827234,0.5701823,2.511625
260,2024-05-16 11:20:36.118230,0.49270916,-0.4996685,0.2793504,-2.2329254,0.024767376,2.5755408
261,2024-05-16 11:20:36.128386,0.49270916,-0.4996685,0.2793504,-2.2329254,0.024767376,2.5755408
262,2024-05-16 11:20:36.138543,0.49270916,-0.4996685,0.2793504,-2.2329254,0.024767376,2.5755408
263,2024-05-16 11:20:36.148628,0.49270916,-0.4996685,0.2793504,-2.2329254,0.024767376,2.5755408
264,2024-05-16 11:20:36.158783,0.78793174,-0.27367306,0.5301919,-3.0862017,-0.7273087,3.1401305
265,2024-05-16 11:20:36.168920,1.0086161,-0.24650718,0.55876184,-3.0968542,-0.8072034,3.104977
266,2024-05-16 11:20:36.179036,1.2883328,-0.14327696,0.5519856,-3.0947237,-0.82105184,2.8493135
267,2024-05-16 11:20:36.189193,1.446444,0.042915937,0.52243894,-3.217229,-0.8721845,2.301768
268,2024-05-16 11:20:36.199295,1.4860024,0.14431477,0.46963346,-3.3812795,-0.9318393,1.9608839
269,2024-05-16 11:20:36.209401,1.5201887,0.43910998,0.36164156,-4.5264378,-1.3345089,0.9488835
270,2024-05-16 11:20:36.219504,1.5201887,0.43910998,0.36164156,-4.5264378,-1.3345089,0.9488835
271,2024-05-16 11:20:36.229652,1.5201887,0.43910998,0.36164156,-4.5264378,-1.3345089,0.9488835
272,2024-05-16 11:20:36.239802,1.5201887,0.43910998,0.36164156,-4.5264378,-1.3345089,0.9488835
273,2024-05-16 11:20:36.249916,1.5342906,0.6965446,2.5833197,-8.377365,-3.3244212,0.7944203
274,2024-05-16 11:20:36.260061,1.830612,0.7979434,3.8416784,-7.5038495,-4.3683796,1.1012162
275,2024-05-16 11:20:36.270231,2.0146682,0.8619205,3.8920422,-6.160552,-4.14787,1.1864372
276,2024-05-16 11:20:36.280345,2.10691,0.9288278,3.6905262,-5.168792,-3.6386738,1.0799109
277,2024-05-16 11:20:36.290500,1.9301794,1.0670379,3.084148,-4.0076547,-2.705503,0.73050445
278,2024-05-16 11:20:36.300630,1.7817744,1.1121515,2.8710334,-3.7573175,-2.4370565,0.6069339
279,2024-05-16 11:20:36.310787,1.7817744,1.1121515,2.8710334,-3.7573175,-2.4370565,0.6069339
280,2024-05-16 11:20:36.320949,1.7817744,1.1121515,2.8710334,-3.7573175,-2.4370565,0.6069339
281,2024-05-16 11:20:36.331203,1.7817744,1.1121515,2.8710334,-3.7573175,-2.4370565,0.6069339
282,2024-05-16 11:20:36.341409,0.8059405,1.3443737,1.856801,-2.8465173,-2.7747452,0.5376918
283,2024-05-16 11:20:36.351455,0.8011789,1.4515721,1.8481323,-2.4118898,-3.566236,0.64315283
284,2024-05-16 11:20:36.361633,0.95007217,1.4699471,1.6064479,-2.019873,-3.9550571,0.49188542
285,2024-05-16 11:20:36.371752,1.0076393,1.4825839,1.3516383,-1.8600832,-3.820834,0.18508954
286,2024-05-16 11:20:36.381897,0.6854951,1.6702418,0.771388,-2.384193,-1.6327827,-1.2412983
287,2024-05-16 11:20:36.392069,0.6854951,1.6702418,0.771388,-2.384193,-1.6327827,-1.2412983
288,2024-05-16 11:20:36.402181,0.6854951,1.6702418,0.771388,-2.384193,-1.6327827,-1.2412983
289,2024-05-16 11:20:36.412369,0.6854951,1.6702418,0.771388,-2.384193,-1.6327827,-1.2412983
290,2024-05-16 11:20:36.422461,-0.7774927,1.6542475,1.3758739,-3.03933,1.9507638,-2.5398545
291,2024-05-16 11:20:36.432559,-0.7774927,1.6542475,1.3758739,-3.03933,1.9507638,-2.5398545
292,2024-05-16 11:20:36.442829,-1.1006747,1.7104716,1.872307,-2.1679444,1.688709,-2.4024355
293,2024-05-16 11:20:36.452927,-1.1246051,1.5703691,2.0229707,-0.8906935,0.96859086,-1.9944396
294,2024-05-16 11:20:36.463017,-0.94592094,1.3865571,1.8829901,1.9876486,-0.0061252653,-0.9643298
295,2024-05-16 11:20:36.473158,-0.72871625,1.1970067,1.6049827,3.0518467,0.28256115,-0.6117276
296,2024-05-16 11:20:36.483264,-0.72871625,1.1970067,1.6049827,3.0518467,0.28256115,-0.6117276
297,2024-05-16 11:20:36.493374,-0.72871625,1.1970067,1.6049827,3.0518467,0.28256115,-0.6117276
298,2024-05-16 11:20:36.503479,-0.72871625,1.1970067,1.6049827,3.0518467,0.28256115,-0.6117276
299,2024-05-16 11:20:36.513641,-0.06184046,0.80764985,0.9549559,4.090479,1.9465028,-0.29747483
300,2024-05-16 11:20:36.523754,-0.06184046,0.7610711,1.3259987,3.8475988,2.3811302,-0.32304117
301,2024-05-16 11:20:36.533907,-0.0135524,0.738789,1.5541308,3.8795567,2.4461114,-0.2601906
302,2024-05-16 11:20:36.544009,-0.0135524,0.738789,1.5541308,3.8795567,2.4461114,-0.2601906
303,2024-05-16 11:20:36.554136,0.28514984,0.6805503,2.2418847,4.3322935,1.9965701,-0.02583264
304,2024-05-16 11:20:36.564285,0.4438106,0.73341686,2.5935144,4.76266,1.3723258,0.05619265
305,2024-05-16 11:20:36.574536,0.4438106,0.73341686,2.5935144,4.76266,1.3723258,0.05619265
306,2024-05-16 11:20:36.584690,0.4438106,0.73341686,2.5935144,4.76266,1.3723258,0.05619265
307,2024-05-16 11:20:36.594974,0.4438106,0.73341686,2.5935144,4.76266,1.3723258,0.05619265
308,2024-05-16 11:20:36.605122,1.3439465,0.6825038,2.6729362,5.4593425,0.5978792,-0.31984538
309,2024-05-16 11:20:36.615280,1.430816,0.5821428,2.5426624,5.2004833,1.1358372,-0.65007704
310,2024-05-16 11:20:36.625405,1.3366208,0.55497694,2.5339327,4.819119,1.697231,-0.83543295
311,2024-05-16 11:20:36.635506,1.3078067,0.4507089,2.5305142,4.6188493,1.8953701,-0.8311719
312,2024-05-16 11:20:36.645623,1.3092718,0.33001927,2.4830806,4.5783696,1.943307,-0.7960182
313,2024-05-16 11:20:36.655732,1.2799693,0.104512215,2.2341316,4.6422853,1.9763302,-0.78216976
314,2024-05-16 11:20:36.665846,1.2799693,0.104512215,2.2341316,4.6422853,1.9763302,-0.78216976
315,2024-05-16 11:20:36.675978,1.2799693,0.104512215,2.2341316,4.6422853,1.9763302,-0.78216976
316,2024-05-16 11:20:36.686163,1.2799693,0.104512215,2.2341316,4.6422853,1.9763302,-0.78216976
317,2024-05-16 11:20:36.696294,0.9636246,-0.37940618,0.901662,4.3067274,2.3385198,-0.83969396
318,2024-05-16 11:20:36.706407,0.7868939,-0.51419765,0.5568083,3.8784914,2.2682123,-0.8418245
319,2024-05-16 11:20:36.716495,0.72590816,-0.56169206,0.43868268,3.6696997,2.2042966,-0.83436763
320,2024-05-16 11:20:36.726759,0.59215444,-0.6824427,0.22556813,3.116828,2.0817912,-0.80773604
321,2024-05-16 11:20:36.736889,0.5340379,-0.7469693,0.14223915,2.8089669,2.044507,-0.75340766
322,2024-05-16 11:20:36.747034,0.4106011,-0.8376239,0.07441611,2.4584951,1.9944396,-0.6362286
323,2024-05-16 11:20:36.757210,0.4106011,-0.8376239,0.07441611,2.4584951,1.9944396,-0.6362286
324,2024-05-16 11:20:36.767295,0.4106011,-0.8376239,0.07441611,2.4584951,1.9944396,-0.6362286
325,2024-05-16 11:20:36.777400,0.4106011,-0.8376239,0.07441611,2.4584951,1.9944396,-0.6362286
326,2024-05-16 11:20:36.787485,0.45937756,-0.9350546,-0.08345105,1.5413032,1.6279889,0.19893797
327,2024-05-16 11:20:36.797745,0.58482885,-0.8725426,-0.10915177,1.2845746,1.3797826,0.26924536
328,2024-05-16 11:20:36.807877,0.56578225,-0.8332285,-0.16678,1.0885662,1.1816436,0.19574217
329,2024-05-16 11:20:36.818025,0.56578225,-0.8332285,-0.16678,1.0885662,1.1816436,0.19574217
330,2024-05-16 11:20:36.828188,0.49747077,-0.79977477,-0.23167281,0.6731134,0.9345024,0.12543479
331,2024-05-16 11:20:36.838323,0.46523803,-0.7832922,-0.23216116,0.5378249,0.83969396,0.12436952
332,2024-05-16 11:20:36.848479,0.46523803,-0.7832922,-0.23216116,0.5378249,0.83969396,0.12436952
333,2024-05-16 11:20:36.858643,0.46523803,-0.7832922,-0.23216116,0.5378249,0.83969396,0.12436952
334,2024-05-16 11:20:36.868731,0.33587977,-0.71687317,-0.10768665,-0.08748477,0.016245268,0.40772963
335,2024-05-16 11:20:36.878868,0.3080424,-0.6703555,-0.15658517,-0.2472743,-0.0956074,0.52171284
336,2024-05-16 11:20:36.888985,0.28270796,-0.6460588,-0.17837891,-0.3548659,-0.08921582,0.5866939
337,2024-05-16 11:20:36.899077,0.23582399,-0.601983,-0.24473684,-0.6574007,0.11105372,0.83490026
338,2024-05-16 11:20:36.909227,0.19187024,-0.60051787,-0.41377553,-0.9450219,0.31451905,0.9946898
339,2024-05-16 11:20:36.919380,0.17087014,-0.5456978,-0.5717038,-1.4595442,0.5062665,1.1033467
340,2024-05-16 11:20:36.929484,0.07276785,-0.46523803,-0.7267017,-2.186054,0.6074665,1.1534141
341,2024-05-16 11:20:36.939613,0.07276785,-0.46523803,-0.7267017,-2.186054,0.6074665,1.1534141
342,2024-05-16 11:20:36.949721,0.07276785,-0.46523803,-0.7267017,-2.186054,0.6074665,1.1534141
343,2024-05-16 11:20:36.959843,0.055125307,-0.37360674,-0.3997348,-5.1059413,0.25060326,1.7808543
344,2024-05-16 11:20:36.969984,0.31774887,-0.2785568,0.0037238577,-5.6854444,-0.16378427,2.0471702
345,2024-05-16 11:20:36.980084,0.7385448,-0.0152617125,0.4585229,-6.1019626,-0.9829719,2.3347914
346,2024-05-16 11:20:36.990344,0.9396331,0.10695408,0.6376954,-6.204228,-1.3206605,2.4295998
347,2024-05-16 11:20:37.000478,1.4726943,0.40174934,1.075096,-6.2148805,-1.9140122,2.5915198
348,2024-05-16 11:20:37.010621,1.9017925,0.5831195,1.275574,-5.946434,-1.9321218,2.5670187
349,2024-05-16 11:20:37.020778,1.9017925,0.5831195,1.275574,-5.946434,-1.9321218,2.5670187
350,2024-05-16 11:20:37.031023,1.9017925,0.5831195,1.275574,-5.946434,-1.9321218,2.5670187
351,2024-05-16 11:20:37.041174,1.9017925,0.5831195,1.275574,-5.946434,-1.9321218,2.5670187
352,2024-05-16 11:20:37.051399,2.410435,1.2997484,2.4781969,-4.4859576,-3.1273475,1.8554227
353,2024-05-16 11:20:37.061604,2.410435,1.2997484,2.4781969,-4.4859576,-3.1273475,1.8554227
354,2024-05-16 11:20:37.071736,2.170704,1.339551,1.7623615,-3.657183,-2.9302735,1.4421005
355,2024-05-16 11:20:37.081977,2.170704,1.339551,1.7623615,-3.2406647,-2.3465092,0.9392961
356,2024-05-16 11:20:37.092104,1.5932618,1.2028061,1.02809,-3.6326818,-0.7699192,-0.064182125
357,2024-05-16 11:20:37.102325,1.5932618,1.2028061,1.02809,-3.6326818,-0.7699192,-0.064182125
358,2024-05-16 11:20:37.112485,1.2842425,1.093227,0.88517934,-3.9373472,-0.024234746,-0.5552686
359,2024-05-16 11:20:37.122599,1.2842425,1.093227,0.88517934,-3.9373472,-0.024234746,-0.5552686
360,2024-05-16 11:20:37.132715,1.2842425,1.093227,0.88517934,-3.9373472,-0.024234746,-0.5552686
361,2024-05-16 11:20:37.142803,0.49289227,0.871627,0.58006716,-3.9906104,1.0452899,-1.5033531
362,2024-05-16 11:20:37.152908,0.15762298,0.79354805,0.35968804,-3.7914062,0.722515,-1.8985659
363,2024-05-16 11:20:37.163020,0.098102294,0.7959899,0.37714747,-3.6934018,0.4711128,-2.0338545
364,2024-05-16 11:20:37.173113,0.04047406,0.8497722,0.480805,-3.4771533,0.39867488,-2.0839217
365,2024-05-16 11:20:37.183264,0.04047406,0.8497722,0.480805,-3.4771533,0.39867488,-2.0839217
366,2024-05-16 11:20:37.193359,0.078567296,0.9904241,0.8019115,-2.4949803,0.6788392,-1.7941701
367,2024-05-16 11:20:37.203466,0.078567296,0.9904241,0.8019115,-2.4949803,0.6788392,-1.7941701
368,2024-05-16 11:20:37.213580,0.078567296,0.9904241,0.8019115,-2.4949803,0.6788392,-1.7941701
369,2024-05-16 11:20:37.223720,0.078567296,0.9904241,0.8019115,-2.4949803,0.6788392,-1.7941701
370,2024-05-16 11:20:37.233868,0.34216762,0.9288278,0.80044633,-0.5455481,0.8972182,-1.688709
371,2024-05-16 11:20:37.244007,0.5413024,0.9278511,0.8769991,0.56658703,0.31878012,-1.6780564
372,2024-05-16 11:20:37.254148,0.70338184,0.943357,0.90892655,0.87870926,0.18349165,-1.59177
373,2024-05-16 11:20:37.264274,0.89574045,0.99866545,1.0183835,1.0331725,0.11851057,-1.4628731
374,2024-05-16 11:20:37.274430,1.1422477,1.081567,1.2126347,1.0587388,-0.01358211,-1.3638036
375,2024-05-16 11:20:37.284510,1.1422477,1.081567,1.2126347,1.0587388,-0.01358211,-1.3638036
376,2024-05-16 11:20:37.294765,1.3467546,1.1703291,1.3932723,1.0448904,-0.13502215,-1.3062794
377,2024-05-16 11:20:37.304903,1.3467546,1.1703291,1.3932723,1.0448904,-0.13502215,-1.3062794
378,2024-05-16 11:20:37.315063,1.3467546,1.1703291,1.3932723,1.0448904,-0.13502215,-1.3062794
379,2024-05-16 11:20:37.325147,2.8937428,1.0927386,2.4980981,1.2653999,-0.651675,-2.210688
380,2024-05-16 11:20:37.335314,2.8937428,1.0927386,2.4980981,1.2653999,-0.651675,-2.210688
381,2024-05-16 11:20:37.345420,2.5626857,0.83231276,2.252995,1.5178673,0.83756346,-2.6261408
382,2024-05-16 11:20:37.355502,2.4001791,0.7474576,2.1468956,1.6105453,1.2881699,-2.6538377
383,2024-05-16 11:20:37.365673,1.9852436,0.57585496,1.9352462,1.9780612,2.0519638,-2.627206
384,2024-05-16 11:20:37.375809,1.7469777,0.46914503,1.8354957,2.4212108,2.1403806,-2.4706125
385,2024-05-16 11:20:37.385894,1.7469777,0.46914503,1.8354957,2.4212108,2.1403806,-2.4706125
386,2024-05-16 11:20:37.396049,1.7469777,0.46914503,1.8354957,2.4212108,2.1403806,-2.4706125
387,2024-05-16 11:20:37.406203,1.7469777,0.46914503,1.8354957,2.4212108,2.1403806,-2.4706125
388,2024-05-16 11:20:37.416341,1.284731,0.06184046,0.9278511,4.413254,-0.18402427,-1.8761954
389,2024-05-16 11:20:37.426538,1.2031723,0.0031744363,0.6870823,4.570913,-0.6740455,-1.826128
390,2024-05-16 11:20:37.436689,1.2031723,0.0031744363,0.6870823,4.570913,-0.6740455,-1.826128
391,2024-05-16 11:20:37.446822,1.1119074,-0.12093381,0.3519351,4.462256,-1.1097382,-1.7984312
392,2024-05-16 11:20:37.456922,1.0845584,-0.15487586,0.3175657,4.391948,-1.1385003,-1.8058879
393,2024-05-16 11:20:37.467080,0.9508047,-0.20389648,0.21293141,4.1671777,-1.189633,-1.8378459
394,2024-05-16 11:20:37.477212,0.9508047,-0.20389648,0.21293141,4.1671777,-1.189633,-1.8378459
395,2024-05-16 11:20:37.487350,0.9508047,-0.20389648,0.21293141,4.1671777,-1.189633,-1.8378459
396,2024-05-16 11:20:37.497547,0.9508047,-0.20389648,0.21293141,4.1671777,-1.189633,-1.8378459
397,2024-05-16 11:20:37.507683,0.92150223,-0.21018432,0.23765539,3.0103016,-1.6306522,-1.9262627
398,2024-05-16 11:20:37.517840,0.94592094,-0.15585262,0.43282217,2.6747437,-1.7702017,-2.0423765
399,2024-05-16 11:20:37.527931,0.97369725,-0.11855299,0.6086371,2.575674,-1.8820543,-2.129728
400,2024-05-16 11:20:37.538038,0.97369725,-0.11855299,0.6086371,2.575674,-1.8820543,-2.129728
401,2024-05-16 11:20:37.548172,0.9810839,-0.16653581,0.95007217,2.7908573,-2.4711452,-2.443981
402,2024-05-16 11:20:37.558349,1.0127673,-0.18350683,0.9796188,2.8494468,-2.6000419,-2.5078967
403,2024-05-16 11:20:37.568470,1.0127673,-0.18350683,0.9796188,2.8494468,-2.6000419,-2.5078967
404,2024-05-16 11:20:37.578605,1.0127673,-0.18350683,0.9796188,2.8494468,-2.6000419,-2.5078967
405,2024-05-16 11:20:37.588866,1.0127673,-0.18350683,0.9796188,2.8494468,-2.6000419,-2.5078967
406,2024-05-16 11:20:37.598986,0.8682694,-0.40266502,1.0048312,3.3405333,-2.875945,-2.7816694
407,2024-05-16 11:20:37.609120,0.87315315,-0.4710375,0.9898137,3.4374723,-2.9164252,-2.7347977
408,2024-05-16 11:20:37.619267,0.78481835,-0.5952068,0.7355535,3.7400072,-2.9345348,-2.7071009
409,2024-05-16 11:20:37.629415,0.5588229,-0.5864771,0.39405742,3.808184,-2.794985,-2.7241452
410,2024-05-16 11:20:37.639550,-0.009401215,-0.44631353,-0.27190268,3.210571,-2.47008,-2.4961789
411,2024-05-16 11:20:37.649707,-0.15829448,-0.39540046,-0.4171942,2.8238804,-2.3944461,-2.3555639
412,2024-05-16 11:20:37.659841,-0.15829448,-0.39540046,-0.4171942,2.8238804,-2.3944461,-2.3555639
413,2024-05-16 11:20:37.669952,-0.15829448,-0.39540046,-0.4171942,2.8238804,-2.3944461,-2.3555639
414,2024-05-16 11:20:37.680047,-0.7939143,-0.14858803,-0.5344041,0.719985,-1.9672754,-1.1688604
415,2024-05-16 11:20:37.690302,-0.9144819,-0.091875516,-0.4922818,0.23209429,-1.856488,-0.3805654
416,2024-05-16 11:20:37.700450,-0.9335284,-0.07343936,-0.5436222,-0.04700475,-1.8905765,0.33635697
417,2024-05-16 11:20:37.710694,-0.86613274,-0.09138714,-0.6482565,-0.35912696,-1.8884459,1.0213214
418,2024-05-16 11:20:37.720838,-0.7191929,-0.13790484,-0.7267017,-0.7415566,-1.7744627,1.6253258
419,2024-05-16 11:20:37.730964,-0.39997897,-0.27904516,-0.9020283,-2.028395,-1.1203909,2.5371914
420,2024-05-16 11:20:37.741121,-0.39997897,-0.27904516,-0.9020283,-2.028395,-1.1203909,2.5371914
421,2024-05-16 11:20:37.751234,-0.39997897,-0.27904516,-0.9020283,-2.028395,-1.1203909,2.5371914
422,2024-05-16 11:20:37.761316,-0.39997897,-0.27904516,-0.9020283,-2.028395,-1.1203909,2.5371914
423,2024-05-16 11:20:37.771388,-0.056773573,-0.6635793,-0.55186355,-4.1322904,-0.19574217,3.068758
424,2024-05-16 11:20:37.781457,0.037421722,-0.7425739,-0.40461853,-5.2209897,-0.19254638,3.308442
425,2024-05-16 11:20:37.791528,0.037421722,-0.7425739,-0.40461853,-5.2209897,-0.19254638,3.308442
426,2024-05-16 11:20:37.801663,0.13845426,-0.8376239,-0.33679548,-5.633247,-0.26072323,3.412838
427,2024-05-16 11:20:37.811796,0.25218454,-0.9476913,-0.33294952,-6.102895,-0.3235738,3.530017
428,2024-05-16 11:20:37.821922,0.36493808,-1.0495175,-0.29467314,-6.673876,-0.41305593,3.6280212
429,2024-05-16 11:20:37.832058,0.45968282,-1.098477,-0.25206244,-6.980672,-0.47910228,3.6589139
430,2024-05-16 11:20:37.842186,0.45968282,-1.098477,-0.25206244,-6.980672,-0.47910228,3.6589139
431,2024-05-16 11:20:37.852305,0.45968282,-1.098477,-0.25206244,-6.980672,-0.47910228,3.6589139
432,2024-05-16 11:20:37.862423,1.2885159,-0.78475726,0.7151638,-8.746879,-1.2333088,3.561975
433,2024-05-16 11:20:37.872521,1.2885159,-0.78475726,0.7151638,-8.995085,-1.1651319,3.3446612
434,2024-05-16 11:20:37.882641,1.4310603,-0.53458726,1.426665,-9.152744,-0.5568665,2.7715495
435,2024-05-16 11:20:37.892797,1.4310603,-0.53458726,1.426665,-9.152744,-0.5568665,2.7715495
436,2024-05-16 11:20:37.902932,1.2987717,-0.215007,2.174977,-8.459258,-0.31824747,2.482863
437,2024-05-16 11:20:37.913023,1.3598186,0.6403204,2.976095,-5.444562,-1.7318522,2.3752713
438,2024-05-16 11:20:37.923132,1.3598186,0.6403204,2.976095,-5.444562,-1.7318522,2.3752713
439,2024-05-16 11:20:37.933229,1.3598186,0.6403204,2.976095,-5.444562,-1.7318522,2.3752713
440,2024-05-16 11:20:37.943296,1.3598186,0.6403204,2.976095,-5.444562,-1.7318522,2.3752713
441,2024-05-16 11:20:37.953402,1.5541308,1.372028,2.0045345,-2.4640877,-2.6788714,1.5528879
442,2024-05-16 11:20:37.963508,1.8172427,1.5271481,1.5550464,-2.5802014,-1.5827153,0.9392961
443,2024-05-16 11:20:37.973661,1.8621732,1.6367881,1.5002874,-2.881671,-0.15100111,0.19893797
444,2024-05-16 11:20:37.983742,1.5497354,1.5877675,1.4610953,-3.0893974,1.8953701,-1.1049446
445,2024-05-16 11:20:37.993878,1.0454884,1.4142114,1.3501732,-3.0158942,2.6825998,-1.7100142
446,2024-05-16 11:20:38.004033,1.0454884,1.4142114,1.3501732,-3.0158942,2.6825998,-1.7100142
447,2024-05-16 11:20:38.014186,1.0454884,1.4142114,1.3501732,-3.0158942,2.6825998,-1.7100142
448,2024-05-16 11:20:38.024345,1.0454884,1.4142114,1.3501732,-3.0158942,2.6825998,-1.7100142
449,2024-05-16 11:20:38.034454,1.0454884,1.4142114,1.3501732,-3.0158942,2.6825998,-1.7100142
450,2024-05-16 11:20:38.044590,1.2470651,1.2575651,2.366298,-0.43795645,-0.991494,-2.169143
451,2024-05-16 11:20:38.054679,1.407191,1.1698408,2.2147186,0.2288985,-1.4815153,-2.3076272
452,2024-05-16 11:20:38.064763,1.5551075,1.1101981,2.1105728,0.43769014,-1.221591,-2.3619556
453,2024-05-16 11:20:38.075013,1.5551075,1.1101981,2.1105728,0.43769014,-1.221591,-2.3619556
454,2024-05-16 11:20:38.085163,1.7538149,1.0010462,1.9507521,0.46219122,0.11851057,-2.4642208
455,2024-05-16 11:20:38.095316,1.7289078,0.9840752,1.966258,0.44621226,0.9270456,-2.537724
456,2024-05-16 11:20:38.105472,1.7289078,0.9840752,1.966258,0.44621226,0.9270456,-2.537724
457,2024-05-16 11:20:38.115623,1.7289078,0.9840752,1.966258,0.44621226,0.9270456,-2.537724
458,2024-05-16 11:20:38.125903,1.6063868,0.83182436,1.9449527,1.3080105,1.7717996,-2.517484
459,2024-05-16 11:20:38.136036,1.6273869,0.7799346,1.902342,1.9546254,1.5587468,-2.4194798
460,2024-05-16 11:20:38.146139,1.62873,0.73390526,1.7909315,2.534262,1.2540815,-2.375804
461,2024-05-16 11:20:38.156238,1.5725669,0.71302724,1.6184741,3.060502,0.9142624,-2.319345
462,2024-05-16 11:20:38.166402,1.6028461,0.67377406,1.4251999,3.432279,0.6074665,-2.2234714
463,2024-05-16 11:20:38.176538,1.6238463,0.6451431,1.2765507,3.6197655,0.5030707,-2.2117534
464,2024-05-16 11:20:38.186684,1.5969856,0.6087592,1.0585524,3.7731633,0.39760962,-2.3129535
465,2024-05-16 11:20:38.196826,1.5969856,0.6087592,1.0585524,3.7731633,0.39760962,-2.3129535
466,2024-05-16 11:20:38.207018,1.5969856,0.6087592,1.0585524,3.7731633,0.39760962,-2.3129535
467,2024-05-16 11:20:38.217133,1.3543855,0.5229884,0.843057,3.5846117,0.23675482,-2.6240103
468,2024-05-16 11:20:38.227336,1.278199,0.45601997,0.8890253,3.63894,0.14940321,-2.686861
469,2024-05-16 11:20:38.237496,1.2669663,0.3963772,0.93358946,3.811513,-0.06684528,-2.7326672
470,2024-05-16 11:20:38.247613,1.2679431,0.3037691,0.89342064,3.973433,-0.41838226,-2.8114967
471,2024-05-16 11:20:38.257712,1.2972456,0.21262617,0.8774264,4.0714374,-0.793355,-2.9680905
472,2024-05-16 11:20:38.267815,1.3904641,0.020145461,0.9476302,4.175833,-1.2407657,-3.2866044
473,2024-05-16 11:20:38.277923,1.3904641,0.020145461,0.9476302,4.175833,-1.2407657,-3.2866044
474,2024-05-16 11:20:38.288054,1.3904641,0.020145461,0.9476302,4.175833,-1.2407657,-3.2866044
475,2024-05-16 11:20:38.298220,1.3904641,0.020145461,0.9476302,4.175833,-1.2407657,-3.2866044
476,2024-05-16 11:20:38.308388,1.262571,-0.56364554,0.9360314,4.18329,-1.8777933,-4.3816953
477,2024-05-16 11:20:38.318640,1.1712449,-0.70185566,0.939389,4.190747,-1.8948375,-4.538289
478,2024-05-16 11:20:38.328751,1.0609332,-0.84299594,0.89439744,4.2237697,-1.8959028,-4.662925
479,2024-05-16 11:20:38.338887,0.9340168,-0.92150223,0.88517934,4.2504015,-1.9118817,-4.691687
480,2024-05-16 11:20:38.348984,0.8360367,-0.9297436,0.8866445,4.28449,-1.9512964,-4.646946
481,2024-05-16 11:20:38.359252,0.65246874,-0.96032804,0.8197982,4.3952775,-2.212286,-4.311388
482,2024-05-16 11:20:38.369399,0.62853837,-1.0010462,0.7573472,4.3846245,-2.4327955,-4.0812907
483,2024-05-16 11:20:38.379480,0.62853837,-1.0010462,0.7573472,4.3846245,-2.4327955,-4.0812907
484,2024-05-16 11:20:38.389605,0.62853837,-1.0010462,0.7573472,4.3846245,-2.4327955,-4.0812907
485,2024-05-16 11:20:38.399775,0.4147523,-1.0544013,0.46334562,4.2855554,-2.7555704,-3.6477287
486,2024-05-16 11:20:38.409942,0.09840753,-0.9855404,0.00030523428,3.7934034,-2.6905894,-3.2748864
487,2024-05-16 11:20:38.420091,-0.1725184,-0.85899025,-0.2733678,3.2277484,-2.369945,-2.96596
488,2024-05-16 11:20:38.430255,-0.4502816,-0.6906841,-0.47872943,2.5289357,-1.9342523,-2.5600946
489,2024-05-16 11:20:38.440354,-0.64111406,-0.56126475,-0.6196866,1.9590197,-1.5539532,-2.206427
490,2024-05-16 11:20:38.450512,-0.79684454,-0.42207792,-0.71168417,1.3912342,-1.1938941,-1.8399764
491,2024-05-16 11:20:38.460656,-0.9638077,-0.2499258,-0.7669316,0.47084647,-0.9020119,-1.1901656
492,2024-05-16 11:20:38.470799,-0.9638077,-0.2499258,-0.7669316,0.47084647,-0.9020119,-1.1901656
493,2024-05-16 11:20:38.480910,-0.9638077,-0.2499258,-0.7669316,0.47084647,-0.9020119,-1.1901656
494,2024-05-16 11:20:38.491161,-0.97552866,-0.09480576,-0.7204139,-1.1804452,-1.4112078,0.60586864
495,2024-05-16 11:20:38.501254,-0.9100865,-0.116599485,-0.7422076,-1.5021547,-1.633848,0.8370308
496,2024-05-16 11:20:38.511344,-0.76168156,-0.1471229,-0.831336,-2.1168118,-1.9694059,1.2759194
497,2024-05-16 11:20:38.521430,-0.6220674,-0.23588504,-0.89189446,-2.5855277,-2.0471702,1.4261216
498,2024-05-16 11:20:38.531595,-0.52787215,-0.3338042,-0.90733933,-4.3559957,-1.9310565,1.617869
499,2024-05-16 11:20:38.541674,-0.46145314,-0.46426132,-0.83567035,-4.3559957,-1.9310565,1.617869
500,2024-05-16 11:20:38.551787,-0.46145314,-0.46426132,-0.83567035,-4.3559957,-1.9310565,1.617869
501,2024-05-16 11:20:38.561890,-0.46145314,-0.46426132,-0.83567035,-4.3559957,-1.9310565,1.617869
502,2024-05-16 11:20:38.573454,-0.46145314,-0.46426132,-0.83567035,-4.3559957,-1.9310565,1.617869
503,2024-05-16 11:20:38.583545,0.039253127,-0.9176563,0.38239747,-7.0605664,-1.9587533,2.260223
504,2024-05-16 11:20:38.593676,0.039253127,-0.9176563,0.38239747,-7.0605664,-1.9587533,2.260223
505,2024-05-16 11:20:38.603771,0.13833217,-0.8061237,0.96850836,-6.423539,-2.1845891,2.734265
506,2024-05-16 11:20:38.613890,0.15933229,-0.7712049,0.986395,-6.168941,-2.208025,2.903642
507,2024-05-16 11:20:38.623962,0.40388596,-0.61895406,0.94378436,-5.535109,-2.2335913,3.4746232
508,2024-05-16 11:20:38.634030,0.67041653,-0.54862803,0.9699124,-5.4104733,-2.2751365,3.5630403
509,2024-05-16 11:20:38.644104,0.67041653,-0.54862803,0.9699124,-5.4104733,-2.2751365,3.5630403
510,2024-05-16 11:20:38.654233,0.67041653,-0.54862803,0.9699124,-5.4104733,-2.2751365,3.5630403
511,2024-05-16 11:20:38.664370,0.67041653,-0.54862803,0.9699124,-5.4104733,-2.2751365,3.5630403
512,2024-05-16 11:20:38.674430,1.085352,0.061352085,0.78927475,-6.6163516,-1.3078773,2.212286
513,2024-05-16 11:20:38.684565,1.0487238,0.093829006,1.2232568,-7.200116,-0.5195823,1.9459702
514,2024-05-16 11:20:38.694819,1.0487238,0.093829006,1.2232568,-7.200116,-0.5195823,1.9459702
515,2024-05-16 11:20:38.704992,0.76754206,0.41243252,2.654012,-6.576937,0.59468335,1.6956332
516,2024-05-16 11:20:38.715071,0.67530024,0.5743288,3.1484914,-5.53724,0.5627255,1.7659407
517,2024-05-16 11:20:38.725172,0.69337016,0.7450158,3.2245557,-3.1031127,0.26977798,1.8799238
518,2024-05-16 11:20:38.735440,0.69337016,0.7450158,3.2245557,-3.1031127,0.26977798,1.8799238
519,2024-05-16 11:20:38.745533,0.69337016,0.7450158,3.2245557,-3.1031127,0.26977798,1.8799238
520,2024-05-16 11:20:38.755653,0.820775,1.2915072,1.6470441,0.8351666,-0.3960117,1.6711322
521,2024-05-16 11:20:38.765738,1.0169795,1.3613447,1.0392005,0.81279606,-0.30759484,1.3281173
522,2024-05-16 11:20:38.775875,1.2005473,1.4728774,0.6851288,0.29401273,0.20373166,0.79228973
523,2024-05-16 11:20:38.786016,1.1815008,1.6406342,0.6362303,-0.64448446,1.0570078,0.060453705
524,2024-05-16 11:20:38.796199,1.1815008,1.6406342,0.6362303,-0.64448446,1.0570078,0.060453705
525,2024-05-16 11:20:38.806287,1.3264871,1.5145724,1.5230578,-1.7544891,1.0271803,-1.0346372
526,2024-05-16 11:20:38.816445,1.3264871,1.5145724,1.5230578,-1.7544891,1.0271803,-1.0346372
527,2024-05-16 11:20:38.826689,1.3264871,1.5145724,1.5230578,-1.7544891,1.0271803,-1.0346372
528,2024-05-16 11:20:38.836824,1.3264871,1.5145724,1.5230578,-1.7544891,1.0271803,-1.0346372
529,2024-05-16 11:20:38.847071,1.41238,1.2188004,2.3905337,-1.8322532,-0.81252974,-3.3164318
530,2024-05-16 11:20:38.857205,1.4626825,1.168803,2.6283112,-1.67779,-0.7944203,-3.5017874
531,2024-05-16 11:20:38.867332,1.4831332,1.140233,2.7009568,-1.5403711,-0.6250434,-3.524158
532,2024-05-16 11:20:38.877503,1.4548686,1.0757066,2.80028,-0.97684664,0.52118015,-3.3601074
533,2024-05-16 11:20:38.887604,1.4485197,1.0873665,2.864196,-0.4580633,1.4053489,-3.1470547
534,2024-05-16 11:20:38.897766,1.4485197,1.0873665,2.864196,-0.4580633,1.4053489,-3.1470547
535,2024-05-16 11:20:38.907921,1.5016915,1.0907851,2.8438675,-0.4580633,1.4053489,-3.1470547
536,2024-05-16 11:20:38.918065,1.5016915,1.0907851,2.8438675,-0.4580633,1.4053489,-3.1470547
537,2024-05-16 11:20:38.928223,1.5016915,1.0907851,2.8438675,-0.4580633,1.4053489,-3.1470547
538,2024-05-16 11:20:38.938333,1.579282,1.0393838,1.987075,2.3212092,1.0751172,-2.751842
539,2024-05-16 11:20:38.948433,1.6130409,1.0388954,1.8248124,2.4852598,0.5989444,-2.7869956
540,2024-05-16 11:20:38.958587,1.6281806,1.0272353,1.8010653,2.5875251,0.2079927,-2.8391936
541,2024-05-16 11:20:38.968728,1.6149944,0.98895895,1.8020419,2.7696853,-0.015712637,-2.880739
542,2024-05-16 11:20:38.978831,1.6066921,0.91619116,1.740995,3.0051084,-0.072171606,-2.913762
543,2024-05-16 11:20:38.988984,1.5705523,0.86723155,1.6489975,3.1957905,-0.016777901,-2.9105663
544,2024-05-16 11:20:38.999075,1.5705523,0.86723155,1.6489975,3.1957905,-0.016777901,-2.9105663
545,2024-05-16 11:20:39.009178,1.5705523,0.86723155,1.6489975,3.1957905,-0.016777901,-2.9105663
546,2024-05-16 11:20:39.019431,1.5705523,0.86723155,1.6489975,3.1957905,-0.016777901,-2.9105663
547,2024-05-16 11:20:39.029594,1.3689756,0.60100627,1.25085,3.929757,0.027963167,-3.216297
548,2024-05-16 11:20:39.039738,1.3445569,0.55833447,1.2397394,4.0725026,-0.15739268,-3.3132358
549,2024-05-16 11:20:39.049909,1.2161754,0.34259492,1.1990212,4.3899508,-0.50147283,-3.5252233
550,2024-05-16 11:20:39.060034,1.0570263,0.20829187,1.1249104,4.6818333,-0.7869634,-3.6839476
551,2024-05-16 11:20:39.070282,0.9418308,0.13021293,1.0624595,4.8522754,-1.063932,-3.734015
552,2024-05-16 11:20:39.080470,0.8481239,0.017703587,1.0193604,4.9460187,-1.5177342,-3.738276
553,2024-05-16 11:20:39.090719,0.8481239,0.017703587,1.0193604,4.9460187,-1.5177342,-3.738276
554,2024-05-16 11:20:39.100879,0.8481239,0.017703587,1.0193604,4.9460187,-1.5177342,-3.738276
555,2024-05-16 11:20:39.111040,0.8481239,0.017703587,1.0193604,4.9460187,-1.5177342,-3.738276
556,2024-05-16 11:20:39.121281,0.9305982,-0.29894644,1.6635267,5.138831,-3.9635792,-4.3518677
557,2024-05-16 11:20:39.131373,0.8930544,-0.4841626,1.6838553,5.3422966,-4.2639837,-4.610727
558,2024-05-16 11:20:39.141518,0.78317004,-0.5447821,1.6489975,5.4030166,-4.290615,-4.695948
559,2024-05-16 11:20:39.151607,0.54002047,-0.45650837,1.586974,5.1228523,-4.104194,-4.4157834
560,2024-05-16 11:20:39.161722,0.47653174,-0.42647332,1.7129135,4.9364314,-4.0221686,-4.2421455
561,2024-05-16 11:20:39.171884,0.37012705,-0.3673189,1.892086,4.8618627,-3.9838192,-4.0322886
562,2024-05-16 11:20:39.182044,0.37012705,-0.3673189,1.892086,4.8618627,-3.9838192,-4.0322886
563,2024-05-16 11:20:39.192221,0.37012705,-0.3673189,1.892086,4.8618627,-3.9838192,-4.0322886
564,2024-05-16 11:20:39.202326,0.23148966,-0.37165323,1.9657086,4.943888,-4.1457396,-3.5582464
565,2024-05-16 11:20:39.212480,0.09627088,-0.55833447,1.5894158,5.427518,-4.024299,-2.7390587
566,2024-05-16 11:20:39.222580,-0.3162227,-0.44100246,0.863874,5.5201955,-3.8282907,-2.4674165
567,2024-05-16 11:20:39.232694,-0.3162227,-0.44100246,0.863874,5.356145,-3.590737,-1.9731344
568,2024-05-16 11:20:39.242816,-0.5403257,-0.3532171,0.3194582,4.3420143,-3.38088,-1.1038793
569,2024-05-16 11:20:39.252984,-0.57207,-0.3430833,0.17318992,3.7017908,-3.3148339,-0.7139929
570,2024-05-16 11:20:39.263300,-0.57207,-0.3430833,0.17318992,3.7017908,-3.3148339,-0.7139929
571,2024-05-16 11:20:39.273457,-0.5949626,-0.34546414,0.11360819,3.1158957,-3.2615707,-0.37950012
572,2024-05-16 11:20:39.283595,-0.5949626,-0.34546414,0.11360819,3.1158957,-3.2615707,-0.37950012
573,2024-05-16 11:20:39.293752,-0.5949626,-0.34546414,0.11360819,3.1158957,-3.2615707,-0.37950012
574,2024-05-16 11:20:39.303884,-0.79073983,-0.5384943,-0.09663717,1.5414363,-3.659979,1.1757846
575,2024-05-16 11:20:39.314029,-0.7814607,-0.6102243,-0.20994012,1.1323751,-3.606716,1.6455659
576,2024-05-16 11:20:39.324167,-0.76729786,-0.660649,-0.28502774,0.75740236,-3.5151033,1.9981681
577,2024-05-16 11:20:39.334285,-0.76729786,-0.660649,-0.28502774,0.75740236,-3.5151033,1.9981681
578,2024-05-16 11:20:39.344416,-0.6941027,-0.7949521,-0.40999064,-0.47723806,-3.0762148,2.9334695
579,2024-05-16 11:20:39.354640,-0.64581466,-0.82260627,-0.41194418,-0.9874993,-2.9121642,3.2828758
580,2024-05-16 11:20:39.364880,-0.64581466,-0.82260627,-0.41194418,-0.9874993,-2.9121642,3.2828758
581,2024-05-16 11:20:39.374985,-0.64581466,-0.82260627,-0.41194418,-0.9874993,-2.9121642,3.2828758
582,2024-05-16 11:20:39.385230,-0.64581466,-0.82260627,-0.41194418,-0.9874993,-2.9121642,3.2828758
583,2024-05-16 11:20:39.395338,-0.20255345,-1.0606891,-0.4705491,-4.0799594,-1.6817847,4.578236
584,2024-05-16 11:20:39.405589,-0.09712554,-1.1150208,-0.40272608,-4.9343004,-1.3377047,4.644283
585,2024-05-16 11:20:39.415714,-0.011720995,-1.1756402,-0.34216762,-5.743901,-1.0341046,4.6645226
586,2024-05-16 11:20:39.425996,0.0620236,-1.2662948,-0.27825156,-6.52687,-0.7848329,4.665588
587,2024-05-16 11:20:39.436122,0.0620236,-1.2662948,-0.27825156,-6.52687,-0.7848329,4.665588
588,2024-05-16 11:20:39.446206,0.22990243,-1.3628099,-0.027837364,-7.8957334,-0.47058016,4.53243
589,2024-05-16 11:20:39.456352,0.22990243,-1.3628099,-0.027837364,-7.8957334,-0.47058016,4.53243
590,2024-05-16 11:20:39.466468,0.22990243,-1.3628099,-0.027837364,-7.8957334,-0.47058016,4.53243
591,2024-05-16 11:20:39.476570,0.22990243,-1.3628099,-0.027837364,-7.8957334,-0.47058016,4.53243
592,2024-05-16 11:20:39.487345,0.40467957,-0.9530635,0.7015504,-9.629982,-0.22983061,3.509777
593,2024-05-16 11:20:39.497486,0.5775032,-0.776577,1.0609332,-9.898429,0.25379902,3.1497178
594,2024-05-16 11:20:39.507600,0.558945,-0.5360524,1.518174,-9.8462305,0.6000097,2.75344
595,2024-05-16 11:20:39.517710,0.41151682,0.015750088,2.6394217,-9.09522,0.23355903,2.2623534
596,2024-05-16 11:20:39.527857,0.3851446,0.51419765,3.5151389,-7.7188997,-0.91266453,2.1813934
597,2024-05-16 11:20:39.537958,0.44222337,1.0078225,3.9060216,-5.6938334,-1.9289259,2.3038986
598,2024-05-16 11:20:39.548068,0.44222337,1.0078225,3.9060216,-5.6938334,-1.9289259,2.3038986
599,2024-05-16 11:20:39.558184,0.44222337,1.0078225,3.9060216,-5.6938334,-1.9289259,2.3038986
600,2024-05-16 11:20:39.568626,0.5882474,1.4282521,3.9631615,-3.0072389,-2.7598314,2.61176
601,2024-05-16 11:20:39.578767,1.6367881,2.259344,3.0342116,-1.0386319,-0.8487487,2.086585
602,2024-05-16 11:20:39.588865,1.9751098,2.3796062,2.9005191,-1.0684593,0.35819486,1.3302479
603,2024-05-16 11:20:39.598962,2.052212,2.4727027,2.9358652,-1.1920298,1.3883047,0.3491401
604,2024-05-16 11:20:39.609030,1.9643656,2.4954731,2.9712114,-1.2175962,1.7664733,-0.132359
605,2024-05-16 11:20:39.619279,1.6279974,2.3087919,3.1412268,-0.8937561,2.513223,-1.2498205
606,2024-05-16 11:20:39.629473,1.4195834,2.1497648,3.1978784,-0.50600016,2.6517072,-1.5448984
607,2024-05-16 11:20:39.639540,1.4195834,2.1497648,3.1978784,-0.50600016,2.6517072,-1.5448984
608,2024-05-16 11:20:39.649742,1.4195834,2.1497648,3.1978784,-0.50600016,2.6517072,-1.5448984
609,2024-05-16 11:20:39.659829,1.0715554,1.4742814,3.2012968,1.8961691,1.9848523,-1.3265194
610,2024-05-16 11:20:39.670031,1.1677041,1.2294226,3.0342116,3.1361358,1.0388982,-0.93982875
611,2024-05-16 11:20:39.680150,1.2809461,1.164957,2.9818945,3.6048517,0.5297023,-0.80560553
612,2024-05-16 11:20:39.690305,1.4752582,1.0907241,2.916025,4.1023297,-0.08282424,-0.7651255
613,2024-05-16 11:20:39.700441,1.6397184,1.009776,2.839472,4.5135217,-0.5483444,-0.84395504
614,2024-05-16 11:20:39.710536,1.7012537,0.9675926,2.777937,4.618983,-0.6122602,-0.88443506
615,2024-05-16 11:20:39.720628,1.8442864,0.84440005,2.6248925,4.793686,-0.53236544,-1.0048099
616,2024-05-16 11:20:39.730780,1.8442864,0.84440005,2.6248925,4.793686,-0.53236544,-1.0048099
617,2024-05-16 11:20:39.740917,1.8442864,0.84440005,2.6248925,4.793686,-0.53236544,-1.0048099
618,2024-05-16 11:20:39.751018,1.7720069,0.5074214,1.9386038,4.938562,0.2846917,-1.5693995
619,2024-05-16 11:20:39.761486,1.6655413,0.4157901,1.7337307,4.923648,0.52224547,-1.7078837
620,2024-05-16 11:20:39.771585,1.3639088,0.22282101,1.3525541,4.923648,0.98883086,-1.8943049
621,2024-05-16 11:20:39.781713,1.2252713,0.10402383,1.1282679,4.9833026,1.1496856,-1.9134796
622,2024-05-16 11:20:39.791795,0.97137755,-0.08363418,0.8362198,5.124983,1.0751172,-1.8996311
623,2024-05-16 11:20:39.801903,0.97137755,-0.08363418,0.8362198,5.124983,1.0751172,-1.8996311
624,2024-05-16 11:20:39.812039,0.9084382,-0.18210275,0.71125686,5.218726,0.75340766,-1.8751302
625,2024-05-16 11:20:39.822183,0.9084382,-0.18210275,0.71125686,5.218726,0.75340766,-1.8751302
626,2024-05-16 11:20:39.832337,0.9084382,-0.18210275,0.71125686,5.218726,0.75340766,-1.8751302
627,2024-05-16 11:20:39.842436,0.58818644,-0.37556022,0.39790338,5.493564,-1.4101425,-2.2202754
628,2024-05-16 11:20:39.852522,0.58818644,-0.37556022,0.39790338,5.493564,-1.4101425,-2.2202754
629,2024-05-16 11:20:39.862672,0.5062005,-0.3168942,0.43709546,5.1761155,-1.8149427,-2.0594208
630,2024-05-16 11:20:39.872771,0.56279093,-0.24412635,0.62652385,5.037631,-2.1259997,-1.9315891
631,2024-05-16 11:20:39.882890,0.61748886,-0.17288469,0.8633246,5.0301743,-2.588324,-1.870869
632,2024-05-16 11:20:39.893020,0.61748886,-0.17288469,0.8633246,5.0301743,-2.588324,-1.870869
633,2024-05-16 11:20:39.903148,0.68677706,-0.117087856,1.0924335,5.138831,-3.1113684,-1.8911091
634,2024-05-16 11:20:39.913278,0.68677706,-0.117087856,1.0924335,5.138831,-3.1113684,-1.8911091
635,2024-05-16 11:20:39.923369,0.68677706,-0.117087856,1.0924335,5.138831,-3.1113684,-1.8911091
636,2024-05-16 11:20:39.933526,0.9830985,-0.12294836,1.4615227,5.5319133,-4.2725058,-2.1467724
637,2024-05-16 11:20:39.943672,0.95770305,-0.19083247,1.475075,5.583046,-4.374771,-2.5867262
638,2024-05-16 11:20:39.953916,0.95770305,-0.19083247,1.475075,5.583046,-4.374771,-2.5867262
639,2024-05-16 11:20:39.964058,0.56816304,-0.34064144,1.0158807,5.4339094,-3.194459,-2.699644
640,2024-05-16 11:20:39.974197,0.24260017,-0.38233644,0.61730576,5.124983,-2.199503,-2.5760734
641,2024-05-16 11:20:39.984308,-0.027837364,-0.3813597,0.2704986,4.558263,-1.4090773,-2.3459766
642,2024-05-16 11:20:39.994562,-0.027837364,-0.3813597,0.2704986,4.558263,-1.4090773,-2.3459766
643,2024-05-16 11:20:40.004664,-0.027837364,-0.3813597,0.2704986,4.558263,-1.4090773,-2.3459766
644,2024-05-16 11:20:40.014828,-0.027837364,-0.3813597,0.2704986,4.558263,-1.4090773,-2.3459766
645,2024-05-16 11:20:40.024914,-1.1774716,-0.5734131,-0.030767612,2.296708,-1.2578099,-1.6002921
646,2024-05-16 11:20:40.035052,-1.5816629,-0.70380914,-0.104390115,2.041045,-1.7531575,-1.0506161
647,2024-05-16 11:20:40.045315,-1.8745657,-0.82651335,-0.25065836,1.8546238,-1.9875154,-0.36778224
648,2024-05-16 11:20:40.055404,-1.8745657,-0.82651335,-0.25065836,1.8546238,-1.9875154,-0.36778224
649,2024-05-16 11:20:40.065489,-2.1611197,-0.92107487,-0.69239336,1.1355709,-1.9427743,1.6295869
650,2024-05-16 11:20:40.075644,-2.1166775,-0.9530635,-0.7606437,0.84901506,-1.8415743,2.1803281
651,2024-05-16 11:20:40.085885,-2.1166775,-0.9530635,-0.7606437,0.84901506,-1.8415743,2.1803281
652,2024-05-16 11:20:40.096087,-2.1166775,-0.9530635,-0.7606437,0.84901506,-1.8415743,2.1803281
653,2024-05-16 11:20:40.106169,-1.7232305,-1.106291,-0.85606,-0.05432844,-1.3494226,3.622695
654,2024-05-16 11:20:40.116289,-1.0153923,-1.4025514,-0.93163604,-2.0676765,-0.5451486,5.398489
655,2024-05-16 11:20:40.126400,-0.8884759,-1.432098,-0.91179574,-2.4607587,-0.4716454,5.6115417
656,2024-05-16 11:20:40.136556,-0.5204244,-1.5058427,-0.82797843,-3.5196307,-0.18935059,6.006755
657,2024-05-16 11:20:40.146691,-0.24553044,-1.5402731,-0.6662043,-4.636027,0.29214853,6.254961
658,2024-05-16 11:20:40.156904,-0.24553044,-1.5402731,-0.6662043,-4.636027,0.29214853,6.254961
659,2024-05-16 11:20:40.167139,0.21427445,-1.6100497,-0.24821651,-6.1050253,0.9078708,6.273071
660,2024-05-16 11:20:40.177249,0.21427445,-1.6100497,-0.24821651,-6.1050253,0.9078708,6.273071
661,2024-05-16 11:20:40.187440,0.21427445,-1.6100497,-0.24821651,-6.1050253,0.9078708,6.273071
662,2024-05-16 11:20:40.197587,0.49399114,-1.443758,0.30199876,-8.00439,1.1837741,4.924447
663,2024-05-16 11:20:40.207721,0.43935418,-1.4243451,0.36396134,-8.662723,1.0719215,4.5824976
664,2024-05-16 11:20:40.217873,0.41591218,-1.3967519,0.5010726,-8.974845,1.0591383,4.4663835
665,2024-05-16 11:20:40.228011,0.30755404,-1.2013409,0.90208936,-9.328513,1.0538119,4.363053
666,2024-05-16 11:20:40.238117,0.31487966,-0.943357,1.2997484,-9.247553,0.86845607,4.3758364
667,2024-05-16 11:20:40.248264,0.34174028,-0.57970095,1.5782442,-8.841687,0.6340981,4.326834
668,2024-05-16 11:20:40.258421,0.50717723,-0.27324572,1.6566895,-8.316512,0.4828307,4.2394824
669,2024-05-16 11:20:40.268582,0.50717723,-0.27324572,1.6566895,-8.316512,0.4828307,4.2394824
670,2024-05-16 11:20:40.278735,0.50717723,-0.27324572,1.6566895,-8.316512,0.4828307,4.2394824
671,2024-05-16 11:20:40.288865,1.2868066,0.7969056,1.8775569,-7.4152994,1.8740648,2.7204168
672,2024-05-16 11:20:40.298984,1.1139829,1.1494511,2.313004,-7.037131,2.66236,1.9555575
673,2024-05-16 11:20:40.309116,0.9152754,1.3225191,2.6190932,-6.6078296,2.9318717,1.8010943
674,2024-05-16 11:20:40.319289,0.86112684,1.456822,2.9392228,-5.7087474,2.9925916,1.8437048
675,2024-05-16 11:20:40.329428,0.74397796,1.6255556,3.195009,-4.5774374,2.756103,1.9438397
676,2024-05-16 11:20:40.339524,0.71418715,1.6968584,3.3189952,-3.3534496,2.1787302,2.2250693
677,2024-05-16 11:20:40.349639,0.8683304,1.800638,3.3911526,-2.438388,1.6791216,2.4572966
678,2024-05-16 11:20:40.359761,0.8683304,1.800638,3.3911526,-2.438388,1.6791216,2.4572966
679,2024-05-16 11:20:40.370006,0.8683304,1.800638,3.3911526,-2.438388,1.6791216,2.4572966
680,2024-05-16 11:20:40.380081,1.6132241,2.1536107,3.9364839,0.8096003,-1.0554098,2.535061
681,2024-05-16 11:20:40.390165,2.0281596,2.0323718,3.8691492,1.7001606,-1.0511488,2.2431786
682,2024-05-16 11:20:40.400261,2.35183,1.8626616,3.6352177,2.3030996,-0.60586864,1.8096164
683,2024-05-16 11:20:40.410554,2.4518857,1.7206055,3.4032397,2.6301355,0.13129373,1.2716583
684,2024-05-16 11:20:40.420706,2.3747835,1.5659127,3.214361,2.7696853,0.81519294,0.7869634
685,2024-05-16 11:20:40.430925,2.3147135,1.4001095,3.0942209,2.902843,1.1805784,0.41625172
686,2024-05-16 11:20:40.441043,2.27369,1.222158,3.0676043,3.1617022,1.2253194,0.122238986
687,2024-05-16 11:20:40.451186,2.27369,1.222158,3.0676043,3.1617022,1.2253194,0.122238986
688,2024-05-16 11:20:40.461333,2.27369,1.222158,3.0676043,3.1617022,1.2253194,0.122238986
689,2024-05-16 11:20:40.471418,2.191704,0.75765246,2.4955952,4.5603933,0.24221429,-0.4412854
690,2024-05-16 11:20:40.481526,2.199457,0.6514309,2.057706,4.793686,0.052597385,-0.7512771
691,2024-05-16 11:20:40.491629,2.131634,0.60100627,1.6450294,4.6754417,0.020639481,-1.1475551
692,2024-05-16 11:20:40.501741,1.9197403,0.5418519,1.2745361,3.8104477,0.36685014,-1.9166754
693,2024-05-16 11:20:40.511828,1.7962425,0.49673823,1.3306992,3.520696,0.572446,-2.242646
694,2024-05-16 11:20:40.522070,1.7962425,0.49673823,1.3306992,3.520696,0.572446,-2.242646
695,2024-05-16 11:20:40.532171,1.7962425,0.49673823,1.3306992,3.520696,0.572446,-2.242646
696,2024-05-16 11:20:40.542278,1.7962425,0.49673823,1.3306992,3.520696,0.572446,-2.242646
697,2024-05-16 11:20:40.552373,1.7962425,0.49673823,1.3306992,3.520696,0.572446,-2.242646
698,2024-05-16 11:20:40.562508,1.0329127,-0.059398584,0.99652874,4.20353,0.27936536,-2.8509116
699,2024-05-16 11:20:40.572870,1.0329127,-0.059398584,0.99652874,4.20353,0.27936536,-2.8509116
700,2024-05-16 11:20:40.583013,0.9982381,-0.14864908,0.9704007,4.3505363,0.08868319,-2.8903263
701,2024-05-16 11:20:40.593170,0.9367639,-0.27953354,0.90306604,4.5731764,-0.15419689,-2.954242
702,2024-05-16 11:20:40.603355,0.80935913,-0.5273227,0.7790799,5.0056734,-0.5313002,-2.9648948
703,2024-05-16 11:20:40.613499,0.7829869,-0.65002686,0.7151638,5.238966,-0.6974813,-2.954242
704,2024-05-16 11:20:40.623634,0.7829869,-0.65002686,0.7151638,5.238966,-0.6974813,-2.954242
705,2024-05-16 11:20:40.633779,0.7829869,-0.65002686,0.7151638,5.238966,-0.6974813,-2.954242
706,2024-05-16 11:20:40.643970,0.6560705,-0.8555716,0.52286625,5.37532,-0.90840346,-2.9723516
707,2024-05-16 11:20:40.654068,0.45937756,-0.9481797,0.4109674,5.1398964,-1.0170604,-2.7592988
708,2024-05-16 11:20:40.664210,0.34558624,-0.96374667,0.3591386,4.928974,-0.9989509,-2.5015051
709,2024-05-16 11:20:40.674383,0.34558624,-0.96374667,0.3591386,4.928974,-0.9989509,-2.5015051
710,2024-05-16 11:20:40.684515,0.08247429,-0.8749845,0.37610963,4.5497403,-1.068193,-1.7377111
711,2024-05-16 11:20:40.694663,0.08247429,-0.8749845,0.37610963,4.5497403,-1.068193,-1.7377111
712,2024-05-16 11:20:40.704801,0.020511743,-0.85606,0.38917366,4.499673,-1.1427615,-1.4948311
713,2024-05-16 11:20:40.714936,0.020511743,-0.85606,0.38917366,4.499673,-1.1427615,-1.4948311
714,2024-05-16 11:20:40.725086,0.020511743,-0.85606,0.38917366,4.499673,-1.1427615,-1.4948311
715,2024-05-16 11:20:40.735287,-0.13375366,-0.6431896,0.010927387,4.326035,-2.4604924,0.49082017
716,2024-05-16 11:20:40.745536,-0.13375366,-0.6431896,0.010927387,4.326035,-2.4604924,0.49082017
717,2024-05-16 11:20:40.755628,-0.18808535,-0.47207528,-0.3480281,3.4631717,-2.7234793,0.80187714
718,2024-05-16 11:20:40.765717,-0.22862047,-0.42647332,-0.43422627,2.8708851,-2.6829994,0.84235716
719,2024-05-16 11:20:40.775852,-0.32043493,-0.3571241,-0.5533897,1.3390362,-2.3197446,0.9020119
720,2024-05-16 11:20:40.785989,-0.33801642,-0.35230136,-0.5413024,0.4996086,-2.0118833,0.93077403
721,2024-05-16 11:20:40.796149,-0.33801642,-0.35230136,-0.5413024,0.4996086,-2.0118833,0.93077403
722,2024-05-16 11:20:40.806306,-0.33801642,-0.35230136,-0.5413024,0.4996086,-2.0118833,0.93077403
723,2024-05-16 11:20:40.816469,-0.33801642,-0.35230136,-0.5413024,0.4996086,-2.0118833,0.93077403
724,2024-05-16 11:20:40.826609,-0.56743044,-0.38868532,0.14407057,-2.6407883,-0.67391235,1.6903069
725,2024-05-16 11:20:40.836750,-0.4961888,-0.414386,0.29320803,-2.9529104,-0.64728075,2.0173428
726,2024-05-16 11:20:40.846928,-0.40785402,-0.45510426,0.36103106,-2.9529104,-0.64728075,2.0173428
727,2024-05-16 11:20:40.857074,-0.32043493,-0.4895347,0.36683053,-3.2288136,-0.6813692,2.6458483
728,2024-05-16 11:20:40.867325,-0.25896075,-0.50357544,0.33923736,-3.2927296,-0.6866955,2.7885935
729,2024-05-16 11:20:40.877568,-0.030035049,-0.49826437,0.2665916,-3.6123085,-0.7016092,3.1443915
730,2024-05-16 11:20:40.887719,-0.030035049,-0.49826437,0.2665916,-3.6123085,-0.7016092,3.1443915
731,2024-05-16 11:20:40.897830,-0.030035049,-0.49826437,0.2665916,-3.6123085,-0.7016092,3.1443915
732,2024-05-16 11:20:40.907990,-0.030035049,-0.49826437,0.2665916,-3.6123085,-0.7016092,3.1443915
733,2024-05-16 11:20:40.918245,0.38978416,-0.48275852,0.3469903,-5.077046,-0.3415501,3.3329432
734,2024-05-16 11:20:40.928396,0.4283047,-0.43862164,0.5005231,-5.7087474,0.06005423,3.364901
735,2024-05-16 11:20:40.938542,0.5400815,-0.3717143,0.7461146,-5.9686713,0.4233091,3.3947284
736,2024-05-16 11:20:40.948642,0.59734344,-0.21506806,0.9514763,-5.833383,0.50000805,3.3286822
737,2024-05-16 11:20:40.958741,0.647646,0.03803219,0.9282174,-5.5958295,0.3359575,3.1912632
738,2024-05-16 11:20:40.968900,0.6500879,0.18057658,0.8149144,-5.561741,0.24754061,3.090063
739,2024-05-16 11:20:40.978992,0.6500879,0.18057658,0.8149144,-5.561741,0.24754061,3.090063
740,2024-05-16 11:20:40.989162,0.6500879,0.18057658,0.8149144,-5.561741,0.24754061,3.090063
741,2024-05-16 11:20:40.999321,0.6500879,0.18057658,0.8149144,-5.561741,0.24754061,3.090063
742,2024-05-16 11:20:41.009477,0.5685904,1.439851,1.9981245,-6.172137,0.7769766,2.2570271
743,2024-05-16 11:20:41.019632,0.6090644,1.6784222,2.3013442,-5.376385,0.9751156,2.2197428
744,2024-05-16 11:20:41.029760,0.7154691,2.0173542,2.2577567,-4.0203047,1.2020167,2.0567575
745,2024-05-16 11:20:41.039920,0.6115063,2.1895065,1.7714574,-2.3989735,1.3053473,1.5177342
746,2024-05-16 11:20:41.050069,0.5466135,2.2035472,1.5772675,-2.0772638,1.3223915,1.3547488
747,2024-05-16 11:20:41.060225,0.42116225,2.1972594,1.3229463,-1.6053522,1.3660673,1.0245172
748,2024-05-16 11:20:41.070481,0.42116225,2.1972594,1.3229463,-1.6053522,1.3660673,1.0245172
749,2024-05-16 11:20:41.080592,0.42116225,2.1972594,1.3229463,-1.6053522,1.3660673,1.0245172
750,2024-05-16 11:20:41.090747,0.42116225,2.1972594,1.3229463,-1.6053522,1.3660673,1.0245172
751,2024-05-16 11:20:41.100992,0.714065,1.868522,1.524462,-0.157659,1.2659326,0.53236544
752,2024-05-16 11:20:41.111080,0.8263302,1.7914199,1.5307498,0.01810948,1.1539468,0.38642433
753,2024-05-16 11:20:41.121334,0.8995253,1.7933733,1.7481987,0.12037478,0.96006876,0.24900535
754,2024-05-16 11:20:41.131445,1.0283953,1.8079026,2.020895,0.32597065,0.80560553,0.162719
755,2024-05-16 11:20:41.141605,1.2349167,1.7186521,2.2519572,0.6689855,0.68842655,0.05938844
756,2024-05-16 11:20:41.151709,1.4378976,1.5484535,2.3642836,1.0727204,0.57351124,-0.033289485
757,2024-05-16 11:20:41.161956,1.4378976,1.5484535,2.3642836,1.0727204,0.57351124,-0.033289485
758,2024-05-16 11:20:41.172121,1.4378976,1.5484535,2.3642836,1.0727204,0.57351124,-0.033289485
759,2024-05-16 11:20:41.182454,1.6073025,1.2643414,2.28828,1.8578196,0.9953556,-0.15046847
760,2024-05-16 11:20:41.192589,1.6234189,1.2594576,2.320696,1.9579544,1.0645977,-0.12383688
761,2024-05-16 11:20:41.202804,1.6648697,1.2371755,2.4568305,2.5289357,1.1594062,-0.054594755
762,2024-05-16 11:20:41.213055,1.7229863,1.2080561,2.4253304,2.9731505,1.1221219,-0.053529494
763,2024-05-16 11:20:41.223140,1.7386143,1.0863898,1.7448411,4.103395,0.9346356,-0.24847272
764,2024-05-16 11:20:41.233334,1.7312887,1.0616658,1.5549854,4.174768,0.89202505,-0.32091063
765,2024-05-16 11:20:41.243439,1.7312887,1.0616658,1.5549854,4.174768,0.89202505,-0.32091063
766,2024-05-16 11:20:41.253695,1.7312887,1.0616658,1.5549854,4.174768,0.89202505,-0.32091063
767,2024-05-16 11:20:41.263880,1.7312887,1.0616658,1.5549854,4.174768,0.89202505,-0.32091063
768,2024-05-16 11:20:41.274126,1.5740931,0.9685694,1.0764391,3.9265614,1.0624672,-0.9089361
769,2024-05-16 11:20:41.284235,1.5740931,0.9685694,1.0764391,3.9265614,1.0624672,-0.9089361
770,2024-05-16 11:20:41.294481,1.5740931,0.9685694,1.0764391,3.9265614,1.0624672,-0.9089361
771,2024-05-16 11:20:41.304588,1.2333295,0.80758876,0.8701008,4.1374836,0.908004,-1.3659341
772,2024-05-16 11:20:41.314725,1.194809,0.7600333,0.8192488,4.283425,0.74927974,-1.51081
773,2024-05-16 11:20:41.324865,1.0717386,0.6514309,0.72963196,4.4719763,0.17829849,-1.7994964
774,2024-05-16 11:20:41.335017,1.0829711,0.61455864,0.7698618,4.5380225,-0.08269108,-1.9358501
775,2024-05-16 11:20:41.345160,1.0786368,0.54716295,0.801301,4.7042036,-0.5663207,-2.3012354
776,2024-05-16 11:20:41.355285,1.0674042,0.47781372,0.8410424,4.75001,-0.79428715,-2.5867262
777,2024-05-16 11:20:41.365433,1.0674042,0.47781372,0.8410424,4.75001,-0.79428715,-2.5867262
778,2024-05-16 11:20:41.375531,1.0674042,0.47781372,0.8410424,4.75001,-0.79428715,-2.5867262
779,2024-05-16 11:20:41.385654,1.0674042,0.47781372,0.8410424,4.75001,-0.79428715,-2.5867262
780,2024-05-16 11:20:41.395788,1.1084278,0.05018051,0.9853573,4.7649236,-0.8486155,-4.0163097
781,2024-05-16 11:20:41.406026,1.0113021,-0.045846187,0.98102283,4.6658545,-0.71439236,-4.251733
782,2024-05-16 11:20:41.416180,1.0113021,-0.045846187,0.98102283,4.6658545,-0.71439236,-4.251733
783,2024-05-16 11:20:41.426295,0.77114385,-0.30187666,1.1485965,4.4719763,-0.33409327,-4.485026
784,2024-05-16 11:20:41.436431,0.71351564,-0.37311834,1.186873,4.4943466,-0.2776343,-4.473308
785,2024-05-16 11:20:41.446527,0.49679926,-0.6063784,1.1534191,4.688225,-0.21052271,-4.270908
786,2024-05-16 11:20:41.456686,0.49679926,-0.6063784,1.1534191,4.688225,-0.21052271,-4.270908
787,2024-05-16 11:20:41.466835,0.49679926,-0.6063784,1.1534191,4.688225,-0.21052271,-4.270908
788,2024-05-16 11:20:41.477147,0.49679926,-0.6063784,1.1534191,4.688225,-0.21052271,-4.270908
789,2024-05-16 11:20:41.487270,-0.035773456,-0.622861,0.3537665,4.9087343,-0.70906603,-2.8903263
790,2024-05-16 11:20:41.497415,-0.115378544,-0.5666369,0.17215212,4.725509,-0.9700556,-2.7124271
791,2024-05-16 11:20:41.507525,-0.21592271,-0.5065057,-0.019168712,4.232292,-1.4504894,-2.494048
792,2024-05-16 11:20:41.517625,-0.33844373,-0.4463746,-0.2468124,3.6208308,-1.6283884,-2.3619556
793,2024-05-16 11:20:41.527860,-0.33844373,-0.4463746,-0.2468124,3.6208308,-1.6283884,-2.3619556
794,2024-05-16 11:20:41.537995,-0.6249977,-0.37165323,-0.54368323,2.2125523,-0.9487503,-2.0327892
795,2024-05-16 11:20:41.548082,-0.6249977,-0.37165323,-0.54368323,2.2125523,-0.9487503,-2.0327892
796,2024-05-16 11:20:41.558242,-0.6249977,-0.37165323,-0.54368323,2.2125523,-0.9487503,-2.0327892
797,2024-05-16 11:20:41.568391,-0.6249977,-0.37165323,-0.54368323,2.2125523,-0.9487503,-2.0327892
798,2024-05-16 11:20:41.578526,-1.1151428,-0.22910883,-0.39308068,-0.6721813,1.8081517,-0.036485277
799,2024-05-16 11:20:41.588663,-1.0863287,-0.23930366,-0.3029755,-0.7499455,1.894438,0.39281592
800,2024-05-16 11:20:41.598754,-0.99652874,-0.25529793,-0.2143355,-0.6402234,1.8773938,0.94462246
801,2024-05-16 11:20:41.608898,-0.8998916,-0.23155071,-0.12764896,-0.33129695,1.7303874,1.4538184
802,2024-05-16 11:20:41.619000,-0.79397535,-0.2354577,-0.16348347,0.088416874,1.4480926,1.9257301
803,2024-05-16 11:20:41.629143,-0.68415207,-0.26988813,-0.34027514,0.40160435,1.1732546,2.3241386
804,2024-05-16 11:20:41.639314,-0.68415207,-0.26988813,-0.34027514,0.40160435,1.1732546,2.3241386
805,2024-05-16 11:20:41.649448,-0.68415207,-0.26988813,-0.34027514,0.40160435,1.1732546,2.3241386
806,2024-05-16 11:20:41.659546,-0.41127262,-0.32611227,-0.71711737,-0.17470321,1.4374399,2.9984505
807,2024-05-16 11:20:41.669682,-0.38831905,-0.30041155,-0.6628467,-0.6487455,1.7453011,3.0794106
808,2024-05-16 11:20:41.679830,-0.33508617,-0.27568758,-0.50784874,-1.0716552,1.9274611,3.0634315
809,2024-05-16 11:20:41.689936,-0.34729552,-0.2295972,-0.34174028,-1.4349099,2.1511664,2.8940547
810,2024-05-16 11:20:41.700092,-0.43080762,-0.14138451,-0.11067794,-1.7630111,2.2715414,2.5648882
811,2024-05-16 11:20:41.710196,-0.5484449,-0.051645637,0.10579419,-2.0357187,2.3407834,2.1387827
812,2024-05-16 11:20:41.720325,-0.63726807,0.016726837,0.22782685,-2.296708,2.5272045,1.5965637
813,2024-05-16 11:20:41.730475,-0.63726807,0.016726837,0.22782685,-2.296708,2.5272045,1.5965637
814,2024-05-16 11:20:41.740618,-0.63726807,0.016726837,0.22782685,-2.296708,2.5272045,1.5965637
815,2024-05-16 11:20:41.750794,-1.385153,0.11611111,0.7286552,-3.2479885,3.6766238,-0.20160112
816,2024-05-16 11:20:41.760902,-1.5345347,0.09816334,0.82987094,-3.3289485,3.9088514,-0.26551694
817,2024-05-16 11:20:41.771054,-1.9567957,0.2416845,1.2057363,-3.2991211,4.6332307,0.21491691
818,2024-05-16 11:20:41.781211,-1.8791441,0.4157901,1.5583429,-3.1361358,4.765323,0.94355714
819,2024-05-16 11:20:41.791325,-0.7754781,0.8332285,2.6515088,-3.004043,4.700342,1.3004204
820,2024-05-16 11:20:41.801481,-0.7754781,0.8332285,2.6515088,-2.1805944,4.202864,1.8373133
821,2024-05-16 11:20:41.811560,-0.53770065,0.94378436,2.8456988,-1.7672722,3.9983335,1.8437048
822,2024-05-16 11:20:41.821675,-0.53770065,0.94378436,2.8456988,-1.7672722,3.9983335,1.8437048
823,2024-05-16 11:20:41.831776,-0.53770065,0.94378436,2.8456988,-1.7672722,3.9983335,1.8437048
824,2024-05-16 11:20:41.841858,0.17886728,1.2992601,2.1124043,-1.4285184,5.039096,2.4317303
825,2024-05-16 11:20:41.852024,0.37415615,1.314766,2.2873034,-1.9409101,6.001029,2.8365304
826,2024-05-16 11:20:41.862294,0.64557046,1.3040829,2.683986,-1.8961691,6.643383,3.755853
827,2024-05-16 11:20:41.872374,0.9106359,1.193527,2.5440054,-1.5425016,6.4889197,4.1574574
828,2024-05-16 11:20:41.882452,0.9106359,1.193527,2.5440054,-1.5425016,6.4889197,4.1574574
829,2024-05-16 11:20:41.892516,1.3998042,0.93413895,2.0760813,-1.3805815,6.362153,4.302333
830,2024-05-16 11:20:41.902662,1.3998042,0.93413895,2.0760813,-1.164333,5.9594836,4.4578614
831,2024-05-16 11:20:41.912811,1.3998042,0.93413895,2.0760813,-1.164333,5.9594836,4.4578614
832,2024-05-16 11:20:41.922879,1.3998042,0.93413895,2.0760813,-1.164333,5.9594836,4.4578614
833,2024-05-16 11:20:41.932950,1.7287858,0.30132726,1.6077299,-1.3230573,3.572228,4.4131203
834,2024-05-16 11:20:41.943073,1.7922746,-0.04828806,1.3587809,-1.3401015,2.5474446,4.5548005
835,2024-05-16 11:20:41.953327,1.7922746,-0.04828806,1.3587809,-1.3401015,2.5474446,4.5548005
836,2024-05-16 11:20:41.963425,1.7991117,-0.16513173,1.2420592,-1.4455626,2.4057646,4.6922197
837,2024-05-16 11:20:41.973528,1.7991117,-0.16513173,1.2420592,-1.4455626,2.4057646,4.6922197
838,2024-05-16 11:20:41.983684,1.7991117,-0.16513173,1.2420592,-1.4455626,2.4057646,4.6922197
839,2024-05-16 11:20:41.993784,1.7991117,-0.16513173,1.2420592,-1.4455626,2.4057646,4.6922197
840,2024-05-16 11:20:42.003914,1.7991117,-0.16513173,1.2420592,-1.4455626,2.4057646,4.6922197
841,2024-05-16 11:20:42.014063,1.7991117,-0.16513173,1.2420592,-1.4455626,2.4057646,4.6922197
842,2024-05-16 11:20:42.024242,1.7991117,-0.16513173,1.2420592,-1.4455626,2.4057646,4.6922197
843,2024-05-16 11:20:42.034333,1.7991117,-0.16513173,1.2420592,-1.4455626,2.4057646,4.6922197
844,2024-05-16 11:20:42.044490,1.7991117,-0.16513173,1.2420592,-1.4455626,2.4057646,4.6922197
845,2024-05-16 11:20:42.054645,1.7991117,-0.16513173,1.2420592,-1.4455626,2.4057646,4.6922197
846,2024-05-16 11:20:42.064736,1.7991117,-0.16513173,1.2420592,-1.4455626,2.4057646,4.6922197
847,2024-05-16 11:20:42.074880,2.646503,0.11995706,-0.90355444,3.2341402,-0.8645945,4.577171
848,2024-05-16 11:20:42.085024,2.646503,0.11995706,-0.90355444,3.2341402,-0.8645945,4.577171
849,2024-05-16 11:20:42.095175,2.646503,0.11995706,-0.90355444,3.2341402,-0.8645945,4.577171
850,2024-05-16 11:20:42.105274,2.4941912,0.33819956,-1.103605,2.3393188,-0.41398802,2.6863284
851,2024-05-16 11:20:42.115408,2.0187583,0.3915545,-1.033401,1.3464931,-0.3426154,1.2759194
852,2024-05-16 11:20:42.125523,1.8625395,0.40559527,-0.95446754,1.1281141,-0.4384891,0.8924245
853,2024-05-16 11:20:42.135661,1.6682273,0.44149083,-0.9229673,0.8735161,-0.7037397,0.36298853
854,2024-05-16 11:20:42.145807,1.6682273,0.44149083,-0.9229673,0.8735161,-0.7037397,0.36298853
855,2024-05-16 11:20:42.155963,1.6682273,0.44149083,-0.9229673,0.8735161,-0.7037397,0.36298853
856,2024-05-16 11:20:42.166116,1.6682273,0.44149083,-0.9229673,0.8735161,-0.7037397,0.36298853
857,2024-05-16 11:20:42.176271,1.6682273,0.44149083,-0.9229673,0.8735161,-0.7037397,0.36298853
858,2024-05-16 11:20:42.186435,1.6682273,0.44149083,-0.9229673,0.8735161,-0.7037397,0.36298853
859,2024-05-16 11:20:42.196579,1.6682273,0.44149083,-0.9229673,0.8735161,-0.7037397,0.36298853
860,2024-05-16 11:20:42.206824,1.6682273,0.44149083,-0.9229673,0.8735161,-0.7037397,0.36298853
861,2024-05-16 11:20:42.216978,1.6682273,0.44149083,-0.9229673,0.8735161,-0.7037397,0.36298853
862,2024-05-16 11:20:42.227251,1.6682273,0.44149083,-0.9229673,0.8735161,-0.7037397,0.36298853
863,2024-05-16 11:20:42.237385,1.6682273,0.44149083,-0.9229673,0.8735161,-0.7037397,0.36298853
864,2024-05-16 11:20:42.247467,1.6682273,0.44149083,-0.9229673,0.8735161,-0.7037397,0.36298853
865,2024-05-16 11:20:42.257603,1.6682273,0.44149083,-0.9229673,0.8735161,-0.7037397,0.36298853
866,2024-05-16 11:20:42.267685,1.1063521,1.6711576,3.2695472,-1.1547457,0.38922065,0.18935059
867,2024-05-16 11:20:42.277820,1.1063521,1.6711576,3.2695472,-1.1547457,0.38922065,0.18935059
868,2024-05-16 11:20:42.287986,2.0144238,1.8466673,2.5342991,3.4269528,-1.3428978,0.6335655
869,2024-05-16 11:20:42.298225,2.0144238,1.8466673,2.5342991,3.4269528,-1.3428978,0.6335655
870,2024-05-16 11:20:42.308379,2.0144238,1.8466673,2.5342991,3.4269528,-1.3428978,0.6335655
871,2024-05-16 11:20:42.318641,2.0144238,1.8466673,2.5342991,3.4269528,-1.3428978,0.6335655
872,2024-05-16 11:20:42.328793,2.8438065,1.7787832,1.8523446,3.2533147,-0.6984134,-2.0722039
873,2024-05-16 11:20:42.338933,2.5362525,1.534901,1.8285974,3.145723,-0.64515024,-2.5409198
874,2024-05-16 11:20:42.349043,2.5362525,1.534901,1.8285974,3.145723,-0.64515024,-2.5409198
875,2024-05-16 11:20:42.359147,2.5362525,1.534901,1.8285974,3.145723,-0.64515024,-2.5409198
876,2024-05-16 11:20:42.369259,2.5362525,1.534901,1.8285974,3.145723,-0.64515024,-2.5409198
877,2024-05-16 11:20:42.379444,2.5362525,1.534901,1.8285974,3.145723,-0.64515024,-2.5409198
878,2024-05-16 11:20:42.389563,2.5362525,1.534901,1.8285974,3.145723,-0.64515024,-2.5409198
879,2024-05-16 11:20:42.399657,2.5362525,1.534901,1.8285974,3.145723,-0.64515024,-2.5409198
880,2024-05-16 11:20:42.409748,0.604608,0.023014663,0.8550832,3.6591802,-0.8731166,-3.8788908
881,2024-05-16 11:20:42.419888,0.28685915,-0.12392511,0.7403152,3.5217612,-0.7687208,-3.943872
882,2024-05-16 11:20:42.429988,0.027654223,-0.21311456,0.73445463,3.3939295,-0.66965127,-3.972634
883,2024-05-16 11:20:42.440140,0.027654223,-0.21311456,0.73445463,3.3939295,-0.66965127,-3.972634
884,2024-05-16 11:20:42.450251,0.027654223,-0.21311456,0.73445463,3.3939295,-0.66965127,-3.972634
885,2024-05-16 11:20:42.460395,0.027654223,-0.21311456,0.73445463,3.3939295,-0.66965127,-3.972634
886,2024-05-16 11:20:42.470528,0.027654223,-0.21311456,0.73445463,3.3939295,-0.66965127,-3.972634
887,2024-05-16 11:20:42.480652,0.027654223,-0.21311456,0.73445463,3.3939295,-0.66965127,-3.972634
888,2024-05-16 11:20:42.490848,0.027654223,-0.21311456,0.73445463,3.3939295,-0.66965127,-3.972634
889,2024-05-16 11:20:42.500964,0.027654223,-0.21311456,0.73445463,3.3939295,-0.66965127,-3.972634
890,2024-05-16 11:20:42.511122,0.027654223,-0.21311456,0.73445463,3.3939295,-0.66965127,-3.972634
891,2024-05-16 11:20:42.521374,0.027654223,-0.21311456,0.73445463,3.3939295,-0.66965127,-3.972634
892,2024-05-16 11:20:42.531474,0.027654223,-0.21311456,0.73445463,3.3939295,-0.66965127,-3.972634
893,2024-05-16 11:20:42.541870,-1.0489069,-1.1344336,0.30627206,3.2554452,2.8414574,-1.61201
894,2024-05-16 11:20:42.551966,-0.3059058,-1.1800356,0.5663927,2.5321314,4.5831633,-1.0357025
895,2024-05-16 11:20:42.562223,-0.3059058,-1.1800356,0.5663927,2.5321314,4.5831633,-1.0357025
896,2024-05-16 11:20:42.572425,-0.14535254,-1.1863234,0.37262997,2.5555673,5.410873,-0.83543295
897,2024-05-16 11:20:42.582539,-0.07991033,-1.1693524,0.27043754,2.3670156,5.7368436,-0.3635212
898,2024-05-16 11:20:42.592645,-0.07991033,-1.1693524,0.27043754,2.3670156,5.7368436,-0.3635212
899,2024-05-16 11:20:42.602746,0.14364325,-1.1184393,0.24528624,2.1731377,5.9200687,0.046605278
900,2024-05-16 11:20:42.612876,0.14364325,-1.1184393,0.24528624,2.1731377,5.9200687,0.046605278
901,2024-05-16 11:20:42.623017,0.14364325,-1.1184393,0.24528624,2.1731377,5.9200687,0.046605278
902,2024-05-16 11:20:42.633180,0.14364325,-1.1184393,0.24528624,2.1731377,5.9200687,0.046605278
903,2024-05-16 11:20:42.643448,0.14364325,-1.1184393,0.24528624,2.1731377,5.9200687,0.046605278
904,2024-05-16 11:20:42.653562,0.14364325,-1.1184393,0.24528624,2.1731377,5.9200687,0.046605278
905,2024-05-16 11:20:42.663733,0.14364325,-1.1184393,0.24528624,2.1731377,5.9200687,0.046605278
906,2024-05-16 11:20:42.673839,0.14364325,-1.1184393,0.24528624,2.1731377,5.9200687,0.046605278
907,2024-05-16 11:20:42.683985,0.14364325,-1.1184393,0.24528624,2.1731377,5.9200687,0.046605278
908,2024-05-16 11:20:42.694140,0.14364325,-1.1184393,0.24528624,2.1731377,5.9200687,0.046605278
909,2024-05-16 11:20:42.704287,0.14364325,-1.1184393,0.24528624,2.1731377,5.9200687,0.046605278
910,2024-05-16 11:20:42.714399,0.14364325,-1.1184393,0.24528624,2.1731377,5.9200687,0.046605278
911,2024-05-16 11:20:42.724534,0.14364325,-1.1184393,0.24528624,2.1731377,5.9200687,0.046605278
912,2024-05-16 11:20:42.734680,1.674393,0.4433833,3.0839648,-6.2978377,2.564489,4.517516
913,2024-05-16 11:20:42.744831,1.674393,0.4433833,3.0839648,-5.6522884,1.7996296,4.709264
914,2024-05-16 11:20:42.754988,1.674393,0.4433833,3.0839648,-5.6522884,1.7996296,4.709264
915,2024-05-16 11:20:42.765404,1.674393,0.4433833,3.0839648,-5.6522884,1.7996296,4.709264
916,2024-05-16 11:20:42.775501,1.674393,0.4433833,3.0839648,-5.6522884,1.7996296,4.709264
917,2024-05-16 11:20:42.785606,1.674393,0.4433833,3.0839648,-5.6522884,1.7996296,4.709264
918,2024-05-16 11:20:42.795719,1.674393,0.4433833,3.0839648,-5.6522884,1.7996296,4.709264
919,2024-05-16 11:20:42.805970,1.674393,0.4433833,3.0839648,-5.6522884,1.7996296,4.709264
920,2024-05-16 11:20:42.816078,1.674393,0.4433833,3.0839648,-5.6522884,1.7996296,4.709264
921,2024-05-16 11:20:42.826225,1.674393,0.4433833,3.0839648,-5.6522884,1.7996296,4.709264
922,2024-05-16 11:20:42.836428,1.674393,0.4433833,3.0839648,-5.6522884,1.7996296,4.709264
923,2024-05-16 11:20:42.846599,1.674393,0.4433833,3.0839648,-5.6522884,1.7996296,4.709264
924,2024-05-16 11:20:42.856712,1.674393,0.4433833,3.0839648,-5.6522884,1.7996296,4.709264
925,2024-05-16 11:20:42.866852,1.674393,0.4433833,3.0839648,-5.6522884,1.7996296,4.709264
926,2024-05-16 11:20:42.877012,1.674393,0.4433833,3.0839648,-5.6522884,1.7996296,4.709264
927,2024-05-16 11:20:42.887159,1.6358724,1.3627489,1.4192783,1.7033564,1.1029472,-2.4972441
928,2024-05-16 11:20:42.897271,1.6358724,1.3627489,1.4192783,1.7033564,1.1029472,-2.4972441
929,2024-05-16 11:20:42.907393,1.6358724,1.3627489,1.4192783,1.7033564,1.1029472,-2.4972441
930,2024-05-16 11:20:42.917508,1.9721795,0.8579524,1.059468,4.8437533,-1.3876389,-3.10764
931,2024-05-16 11:20:42.927610,2.1240032,0.7425739,0.81485337,5.121787,-1.5516895,-3.4730253
932,2024-05-16 11:20:42.937760,2.2875476,0.63684076,0.780484,5.037631,-1.5602115,-3.8831518
933,2024-05-16 11:20:42.947849,2.2875476,0.63684076,0.780484,4.883168,-1.5932348,-4.324171
934,2024-05-16 11:20:42.957953,2.5965667,0.2591439,1.4197665,4.9534755,-1.7775253,-4.777973
935,2024-05-16 11:20:42.968098,2.5965667,0.2591439,1.4197665,4.9534755,-1.7775253,-4.777973
936,2024-05-16 11:20:42.978208,2.5965667,0.2591439,1.4197665,4.9534755,-1.7775253,-4.777973
937,2024-05-16 11:20:42.988347,2.5965667,0.2591439,1.4197665,4.9534755,-1.7775253,-4.777973
938,2024-05-16 11:20:42.998486,2.5965667,0.2591439,1.4197665,4.9534755,-1.7775253,-4.777973
939,2024-05-16 11:20:43.008682,2.5965667,0.2591439,1.4197665,4.9534755,-1.7775253,-4.777973
940,2024-05-16 11:20:43.018830,2.5965667,0.2591439,1.4197665,4.9534755,-1.7775253,-4.777973
941,2024-05-16 11:20:43.029039,2.5965667,0.2591439,1.4197665,4.9534755,-1.7775253,-4.777973
942,2024-05-16 11:20:43.039148,2.5965667,0.2591439,1.4197665,4.9534755,-1.7775253,-4.777973
943,2024-05-16 11:20:43.049277,2.5965667,0.2591439,1.4197665,4.9534755,-1.7775253,-4.777973
944,2024-05-16 11:20:43.059394,2.5965667,0.2591439,1.4197665,4.9534755,-1.7775253,-4.777973
945,2024-05-16 11:20:43.069529,2.5965667,0.2591439,1.4197665,4.9534755,-1.7775253,-4.777973
946,2024-05-16 11:20:43.080145,1.9507521,-0.5200581,1.2207539,4.85121,-2.087517,-5.402218
947,2024-05-16 11:20:43.090281,-0.2308792,-0.6035092,0.42690063,6.5684147,-3.2390668,-2.1627512
948,2024-05-16 11:20:43.100442,-0.24455369,-0.59282595,0.17019862,5.841905,-2.8300056,-1.7994964
949,2024-05-16 11:20:43.110583,-0.24504206,-0.588919,0.032599017,5.0184565,-2.410292,-1.5693995
950,2024-05-16 11:20:43.120721,-0.27580968,-0.5801893,-0.07923881,4.00326,-2.010818,-1.5257237
951,2024-05-16 11:20:43.130793,-0.30267027,-0.5773201,-0.118003555,3.3981907,-1.8382454,-1.61201
952,2024-05-16 11:20:43.140864,-0.3870981,-0.59087247,-0.17709692,2.5481102,-1.6241274,-1.7931049
953,2024-05-16 11:20:43.150931,-0.47500557,-0.6447158,-0.18967257,1.6586154,-1.3269188,-1.9827217
954,2024-05-16 11:20:43.161000,-0.47500557,-0.6447158,-0.18967257,1.6586154,-1.3269188,-1.9827217
955,2024-05-16 11:20:43.171141,-0.47500557,-0.6447158,-0.18967257,1.6586154,-1.3269188,-1.9827217
956,2024-05-16 11:20:43.181298,-0.47500557,-0.6447158,-0.18967257,1.6586154,-1.3269188,-1.9827217
957,2024-05-16 11:20:43.191399,-0.47500557,-0.6447158,-0.18967257,1.6586154,-1.3269188,-1.9827217
958,2024-05-16 11:20:43.201459,-0.47500557,-0.6447158,-0.18967257,1.6586154,-1.3269188,-1.9827217
959,2024-05-16 11:20:43.211528,-0.47500557,-0.6447158,-0.18967257,1.6586154,-1.3269188,-1.9827217
960,2024-05-16 11:20:43.221603,-0.47500557,-0.6447158,-0.18967257,1.6586154,-1.3269188,-1.9827217
961,2024-05-16 11:20:43.231742,-0.47500557,-0.6447158,-0.18967257,1.6586154,-1.3269188,-1.9827217
962,2024-05-16 11:20:43.241909,-0.47500557,-0.6447158,-0.18967257,1.6586154,-1.3269188,-1.9827217
963,2024-05-16 11:20:43.252059,-0.47500557,-0.6447158,-0.18967257,1.6586154,-1.3269188,-1.9827217
964,2024-05-16 11:20:43.262310,-0.47500557,-0.6447158,-0.18967257,1.6586154,-1.3269188,-1.9827217
965,2024-05-16 11:20:43.272469,-0.47500557,-0.6447158,-0.18967257,1.6586154,-1.3269188,-1.9827217
966,2024-05-16 11:20:43.282628,-0.47500557,-0.6447158,-0.18967257,1.6586154,-1.3269188,-1.9827217
967,2024-05-16 11:20:43.292782,-0.5754276,-1.4064584,-0.09425634,-6.478933,0.1868206,2.2261345
968,2024-05-16 11:20:43.302868,-0.40309235,-1.3613447,0.33826062,-7.592133,0.38176382,2.858901
969,2024-05-16 11:20:43.312984,-0.40309235,-1.3613447,0.33826062,-7.592133,0.38176382,2.858901
970,2024-05-16 11:20:43.323079,-0.22343147,-1.2120241,0.86039436,-7.8957334,1.0166609,3.42136
971,2024-05-16 11:20:43.333246,-0.22343147,-1.2120241,0.86039436,-7.8957334,1.0166609,3.42136
972,2024-05-16 11:20:43.343485,-0.22343147,-1.2120241,0.86039436,-7.8957334,1.0166609,3.42136
973,2024-05-16 11:20:43.353637,-0.22343147,-1.2120241,0.86039436,-7.8957334,1.0166609,3.42136
974,2024-05-16 11:20:43.363730,0.3198855,-0.435203,1.1781431,-7.378015,1.8528928,3.8378782
975,2024-05-16 11:20:43.373875,0.48684862,0.16024798,1.3132399,-7.378015,2.1160128,3.7068508
976,2024-05-16 11:20:43.384014,0.48684862,0.16024798,1.3132399,-7.378015,2.1160128,3.7068508
977,2024-05-16 11:20:43.394136,0.48684862,0.16024798,1.3132399,-7.378015,2.1160128,3.7068508
978,2024-05-16 11:20:43.404272,0.48684862,0.16024798,1.3132399,-7.378015,2.1160128,3.7068508
979,2024-05-16 11:20:43.414528,0.48684862,0.16024798,1.3132399,-7.378015,2.1160128,3.7068508
980,2024-05-16 11:20:43.424675,0.48684862,0.16024798,1.3132399,-7.378015,2.1160128,3.7068508
981,2024-05-16 11:20:43.434927,0.48684862,0.16024798,1.3132399,-7.378015,2.1160128,3.7068508
982,2024-05-16 11:20:43.445038,0.48684862,0.16024798,1.3132399,-7.378015,2.1160128,3.7068508
983,2024-05-16 11:20:43.455175,0.48684862,0.16024798,1.3132399,-7.378015,2.1160128,3.7068508
984,2024-05-16 11:20:43.465289,0.48684862,0.16024798,1.3132399,-7.378015,2.1160128,3.7068508
985,2024-05-16 11:20:43.475391,0.48684862,0.16024798,1.3132399,-7.378015,2.1160128,3.7068508
986,2024-05-16 11:20:43.485541,0.48684862,0.16024798,1.3132399,-7.378015,2.1160128,3.7068508
987,2024-05-16 11:20:43.495683,3.0832322,1.8694378,3.134878,2.6098957,0.8600671,2.2772672
988,2024-05-16 11:20:43.505897,3.1008136,1.7981961,2.7187827,2.781403,1.930657,1.367532
989,2024-05-16 11:20:43.516055,3.1008136,1.7981961,2.7187827,2.781403,1.930657,1.367532
990,2024-05-16 11:20:43.526302,3.1008136,1.7981961,2.7187827,2.781403,1.930657,1.367532
991,2024-05-16 11:20:43.536427,3.1008136,1.7981961,2.7187827,2.781403,1.930657,1.367532
992,2024-05-16 11:20:43.546534,2.2577567,1.2701409,1.4706186,3.772098,2.2225392,-1.2231889
993,2024-05-16 11:20:43.556632,2.053677,1.0470756,1.3083562,3.9872813,1.49816,-1.7462332
994,2024-05-16 11:20:43.566774,1.9707146,0.9239441,1.2734983,4.1577234,1.1050777,-2.0327892
995,2024-05-16 11:20:43.576906,1.8627837,0.76778626,1.2846699,4.421909,0.6395576,-2.3459766
996,2024-05-16 11:20:43.587050,1.8627837,0.76778626,1.2846699,4.421909,0.6395576,-2.3459766
997,2024-05-16 11:20:43.597209,1.8627837,0.76778626,1.2846699,4.421909,0.6395576,-2.3459766
998,2024-05-16 11:20:43.607300,1.8627837,0.76778626,1.2846699,4.421909,0.6395576,-2.3459766
999,2024-05-16 11:20:43.617537,1.8627837,0.76778626,1.2846699,4.421909,0.6395576,-2.3459766
